id,site_ref,schedule_week,schedule_date,job,job_suffix,item,qty,remain_qty,ship_date,eta_date,line,head,cycle_time_h,work_hours_h,start_time,end_time,is_delayed,delay_days,risk_level,line_source,job_type,skip_reason,job_status,tested_qty,wo_total,print_status,unit_price,sales_amount,manual_lock,other_remark,created_at,updated_at
81657,410,2026W27,2026-07-01,J000001785-0000,0000,0150-12465,1,0,2026-05-12,,Line 06,4,0.400300,0.01,2026-07-01 09:00:00,2026-07-01 09:01:00,1,190.5,风险,系统自动分配,普通工单,,进行中,1,1,打印成功,53.57,53.57,,,2026-07-01 13:22:59,2026-07-01 13:22:59
81255,410,2026W27,2026-07-01,PA00000799-0000,0000,03-387274-05-TEX,1,0,2026-05-13,,,0,0.377600,0.00,2026-07-01 00:00:00,2026-07-01 00:00:00,0,0.0,,,已完成,已完成,已完成,1,1,打印成功,88.55,88.55,,,2026-07-01 13:22:59,2026-07-01 13:22:59
81377,410,2026W27,2026-07-01,J000001545-0000,0000,LA683-109075-223,4,4,2026-06-01,,Line 02,4,0.935900,0.94,2026-07-01 09:00:00,2026-07-01 09:56:00,1,29.5,风险,系统自动分配,普通工单,,待排产,0,4,打印成功,316.72,1266.88,,,2026-07-01 13:22:59,2026-07-01 13:22:59
81658,410,2026W27,2026-07-01,J000002019-0000,0000,853-267001-301-PLS,1,0,2026-06-01,,Line 06,4,0.150400,0.01,2026-07-01 09:01:00,2026-07-01 09:02:00,1,170.5,风险,系统自动分配,普通工单,,进行中,1,1,打印成功,29.92,29.92,,,2026-07-01 13:22:59,2026-07-01 13:22:59
81256,410,2026W27,2026-07-01,PA00000962-0000,0000,LB853-051669-021,5,5,2026-06-09,2027-01-18,Assembly-1,2,1.428500,3.57,2029-04-13 18:27:00,2029-04-14 11:01:00,1,1039.6,风险,固定线体,主工单,,待排产,0,5,打印成功,738.92,3694.60,,,2026-07-01 13:22:59,2026-07-01 13:22:59
81268,410,2026W27,2026-07-01,J000001675-0000,0000,0150-25034-ICH,4,4,2026-06-12,2026-06-30,Line 01,4,0.130800,0.13,2026-07-01 09:00:00,2026-07-01 09:08:00,1,18.5,风险,系统自动分配,普通工单,,待排产,0,4,打印成功,187.54,750.16,,,2026-07-01 13:22:59,2026-07-01 13:22:59
81528,410,2026W27,2026-07-01,J000002356-0000,0000,0140-32202-ICH,4,4,2026-06-12,,Line 04,4,1.107600,1.11,2026-07-01 09:00:00,2026-07-01 10:07:00,1,18.5,风险,系统自动分配,普通工单,,待排产,0,4,打印成功,304.73,1218.92,,,2026-07-01 13:22:59,2026-07-01 13:22:59
81269,410,2026W27,2026-07-01,J000003119-0000,0000,853-A75961-002-ICH,1,1,2026-06-12,2026-06-30,Line 01,4,0.148000,0.04,2026-07-01 09:08:00,2026-07-01 09:10:00,1,18.5,风险,系统自动分配,普通工单,,待排产,0,1,打印成功,33.17,33.17,,,2026-07-01 13:22:59,2026-07-01 13:22:59
81270,410,2026W27,2026-07-01,J000003209-0000,0000,0140-39369-ICH,40,40,2026-06-12,2026-06-30,Line 01,4,0.298800,2.99,2026-07-01 09:10:00,2026-07-01 12:09:00,1,18.6,风险,系统自动分配,普通工单,,待排产,0,40,打印成功,30.47,1218.80,,,2026-07-01 13:22:59,2026-07-01 13:22:59
81271,410,2026W27,2026-07-01,J000001230-0000,0000,0140-19189-ICH,5,5,2026-06-15,2026-06-30,Line 01,4,0.117647,0.15,2026-07-01 12:09:00,2026-07-01 12:18:00,1,15.6,风险,系统自动分配,普通工单,,待排产,0,5,未记录,70.43,352.15,,,2026-07-01 13:22:59,2026-07-01 13:22:59
81598,410,2026W27,2026-07-01,J000001651-0000,0000,0140-18325-ICH,10,10,2026-06-15,2026-06-30,Line 05,4,4.705882,11.76,2026-07-01 09:00:00,2026-07-02 09:46:00,1,16.5,风险,系统自动分配,普通工单,,待排产,0,10,打印成功,73.18,731.80,,,2026-07-01 13:22:59,2026-07-01 13:22:59
81378,410,2026W27,2026-07-01,J000003121-0000,0000,853-A75961-004-ICH,1,1,2026-06-15,2026-06-30,Line 02,4,0.116800,0.03,2026-07-01 09:56:00,2026-07-01 09:58:00,1,15.5,风险,系统自动分配,普通工单,,待排产,0,1,打印成功,27.54,27.54,,,2026-07-01 13:22:59,2026-07-01 13:22:59
81732,410,2026W27,2026-07-01,J000000972-0000,0000,LBCAL-109616-011,10,10,2026-06-16,2026-06-30,Line 07,3,0.032100,0.11,2026-07-01 10:36:00,2026-07-01 10:43:00,1,14.6,风险,系统自动分配,普通工单,,待排产,0,10,未记录,31.00,310.00,,,2026-07-01 13:22:59,2026-07-01 13:22:59
81379,410,2026W27,2026-07-01,J000000986-0000,0000,LBHRN-109616-B001,15,15,2026-06-16,2026-06-30,Line 02,4,0.304300,1.14,2026-07-01 09:58:00,2026-07-01 11:06:00,1,14.6,风险,系统自动分配,普通工单,,待排产,0,15,未记录,195.59,2933.85,,,2026-07-01 13:22:59,2026-07-01 13:22:59
81728,410,2026W27,2026-07-01,J000001246-0000,0000,LBCAL-109616-011,10,10,2026-06-16,2026-06-30,Line 07,3,0.032100,0.11,2026-07-01 09:00:00,2026-07-01 09:07:00,1,14.5,风险,系统自动分配,普通工单,,待排产,0,10,未记录,31.00,310.00,,,2026-07-01 13:22:59,2026-07-01 13:22:59
81731,410,2026W27,2026-07-01,J000001693-0000,0000,853-A78757-001-ICH,1,1,2026-06-16,2026-06-30,Line 07,3,0.844235,0.28,2026-07-01 10:19:00,2026-07-01 10:36:00,1,14.6,风险,系统自动分配,普通工单,,待排产,0,1,未记录,135.99,135.99,,,2026-07-01 13:22:59,2026-07-01 13:22:59
81729,410,2026W27,2026-07-01,J000001777-0000,0000,853-A78757-001-ICH,1,1,2026-06-16,2026-06-30,Line 07,3,0.844235,0.28,2026-07-01 09:07:00,2026-07-01 09:24:00,1,14.5,风险,系统自动分配,普通工单,,待排产,0,1,打印成功,135.99,135.99,,,2026-07-01 13:22:59,2026-07-01 13:22:59
81733,410,2026W27,2026-07-01,J000002212-0000,0000,853-227067-011-ICH,5,5,2026-06-16,2026-07-06,Line 07,3,0.108800,0.18,2026-07-06 09:00:00,2026-07-06 09:11:00,1,19.5,风险,系统自动分配,普通工单,,待排产,0,5,打印成功,333.00,1665.00,,,2026-07-01 13:22:59,2026-07-01 13:22:59
81599,410,2026W27,2026-07-01,J000002257-0000,0000,LA853-258817-002,10,5,2026-06-16,2026-06-30,Line 05,4,0.267100,0.33,2026-07-02 09:46:00,2026-07-02 10:06:00,1,156.6,风险,系统自动分配,普通工单,,进行中,5,10,打印成功,26.58,265.80,,,2026-07-01 13:22:59,2026-07-01 13:22:59
81730,410,2026W27,2026-07-01,J000002258-0000,0000,LA853-258818-001,10,10,2026-06-16,2026-06-30,Line 07,3,0.272556,0.91,2026-07-01 09:24:00,2026-07-01 10:19:00,1,14.6,风险,系统自动分配,普通工单,,待排产,0,10,打印成功,16.07,160.70,,,2026-07-01 13:22:59,2026-07-01 13:22:59
81380,410,2026W27,2026-07-01,PA00000405-0000,0000,LB853-265650-104,7,7,2026-06-16,2026-06-30,Line 02,4,1.535200,2.69,2026-07-01 11:06:00,2026-07-01 13:47:00,1,14.7,风险,系统自动分配,普通工单,,待排产,0,7,打印成功,146.88,1028.16,,,2026-07-01 13:22:59,2026-07-01 13:22:59
81275,410,2026W27,2026-07-01,J000002231-0000,0000,03-453060-05-TEX,10,10,2026-06-17,2026-06-30,Line 01,4,0.047200,0.12,2026-07-01 13:07:00,2026-07-01 13:14:00,1,13.7,风险,系统自动分配,普通工单,,待排产,0,10,未记录,24.89,248.90,,,2026-07-01 13:22:59,2026-07-01 13:22:59
81278,410,2026W27,2026-07-01,J000002452-0000,0000,03-396634-00-TEX,10,10,2026-06-17,,Line 01,4,0.118400,0.30,2026-07-01 13:51:00,2026-07-01 14:09:00,1,13.7,风险,系统自动分配,普通工单,,待排产,0,10,打印成功,37.39,373.90,,,2026-07-01 13:22:59,2026-07-01 13:22:59
81446,410,2026W27,2026-07-01,J000002516-0000,0000,LB853-247147-001,77,77,2026-06-17,2026-07-10,Line 03,4,0.067200,1.29,2026-07-10 09:00:00,2026-07-10 10:17:00,1,22.6,风险,系统自动分配,普通工单,,待排产,0,77,打印成功,5.94,457.38,,,2026-07-01 13:22:59,2026-07-01 13:22:59
81272,410,2026W27,2026-07-01,J000002613-0000,0000,853-251238-002-TEX,10,10,2026-06-17,2026-06-30,Line 01,4,0.259200,0.65,2026-07-01 12:18:00,2026-07-01 12:57:00,1,13.7,风险,系统自动分配,普通工单,,待排产,0,10,打印成功,32.99,329.90,,,2026-07-01 13:22:59,2026-07-01 13:22:59
81273,410,2026W27,2026-07-01,J000002628-0000,0000,03-388135-08-TEX,10,10,2026-06-17,2026-06-30,Line 01,4,0.039200,0.10,2026-07-01 12:57:00,2026-07-01 13:03:00,1,13.7,风险,系统自动分配,普通工单,,待排产,0,10,打印成功,33.97,339.70,,,2026-07-01 13:22:59,2026-07-01 13:22:59
81600,410,2026W27,2026-07-01,J000002641-0000,0000,03-436786-03-TEX,5,3,2026-06-17,2026-06-30,Line 05,4,0.252800,0.19,2026-07-02 10:06:00,2026-07-02 10:17:00,1,155.8,风险,系统自动分配,普通工单,,进行中,2,5,打印成功,111.24,556.20,,,2026-07-01 13:22:59,2026-07-01 13:22:59
81530,410,2026W27,2026-07-01,J000002982-0000,0000,03-396634-00-TEX,10,10,2026-06-17,2026-06-30,Line 04,4,0.118400,0.30,2026-07-01 10:11:00,2026-07-01 10:29:00,1,13.6,风险,系统自动分配,普通工单,,待排产,0,10,打印成功,37.39,373.90,,,2026-07-01 13:22:59,2026-07-01 13:22:59
81276,410,2026W27,2026-07-01,J000003059-0000,0000,853-236640-001-TEX,5,5,2026-06-17,2026-06-30,Line 01,4,0.230400,0.29,2026-07-01 13:14:00,2026-07-01 13:31:00,1,13.7,风险,系统自动分配,普通工单,,待排产,0,5,打印成功,68.13,340.65,,,2026-07-01 13:22:59,2026-07-01 13:22:59
81445,410,2026W27,2026-07-01,PA00000733-0000,0000,03-387193-02-TEX,5,5,2026-06-17,2026-06-30,Line 03,4,0.039200,0.05,2026-07-01 09:00:00,2026-07-01 09:03:00,1,13.5,风险,系统自动分配,普通工单,,待排产,0,5,未记录,16.73,83.65,,,2026-07-01 13:22:59,2026-07-01 13:22:59
81274,410,2026W27,2026-07-01,PA00000739-0000,0000,03-453060-03-TEX,6,6,2026-06-17,2026-06-30,Line 01,4,0.047200,0.07,2026-07-01 13:03:00,2026-07-01 13:07:00,1,13.7,风险,系统自动分配,普通工单,,待排产,0,6,未记录,28.04,168.24,,,2026-07-01 13:22:59,2026-07-01 13:22:59
81529,410,2026W27,2026-07-01,PA00000740-0000,0000,03-453060-04-TEX,6,6,2026-06-17,2026-06-30,Line 04,4,0.047200,0.07,2026-07-01 10:07:00,2026-07-01 10:11:00,1,13.5,风险,系统自动分配,普通工单,,待排产,0,6,未记录,28.04,168.24,,,2026-07-01 13:22:59,2026-07-01 13:22:59
81531,410,2026W27,2026-07-01,PA00000913-0000,0000,853-300374-101-PLS,2,2,2026-06-17,,Line 04,4,0.406400,0.20,2026-07-01 10:29:00,2026-07-01 10:41:00,1,13.6,风险,系统自动分配,普通工单,,待排产,0,2,打印成功,78.23,156.46,,,2026-07-01 13:22:59,2026-07-01 13:22:59
81277,410,2026W27,2026-07-01,PA00000918-0000,0000,853-301892-001-PLS,2,2,2026-06-17,2026-06-30,Line 01,4,0.664000,0.33,2026-07-01 13:31:00,2026-07-01 13:51:00,1,13.7,风险,系统自动分配,普通工单,,待排产,0,2,打印成功,45.00,90.00,,,2026-07-01 13:22:59,2026-07-01 13:22:59
81734,410,2026W27,2026-07-01,PA00000921-0000,0000,853-310343-501-PLS,2,2,2026-06-17,2026-06-30,Line 07,3,0.835200,0.56,2026-07-06 09:11:00,2026-07-06 09:45:00,1,18.5,风险,系统自动分配,普通工单,,待排产,0,2,打印成功,146.70,293.40,,,2026-07-01 13:22:59,2026-07-01 13:22:59
81532,410,2026W27,2026-07-01,J000000786-0000,0000,0140-18238,20,20,2026-06-18,2026-06-30,Line 04,4,1.601200,8.01,2026-07-01 10:41:00,2026-07-01 18:42:00,1,12.9,风险,系统自动分配,普通工单,,待排产,0,20,未记录,152.37,3047.40,,,2026-07-01 13:22:59,2026-07-01 13:22:59
81279,410,2026W27,2026-07-01,J000002831-0000,0000,03-387274-05-TEX,10,10,2026-06-18,2026-06-30,Line 01,4,0.377600,0.94,2026-07-01 14:09:00,2026-07-01 15:05:00,1,12.8,风险,系统自动分配,普通工单,,待排产,0,10,打印成功,88.55,885.50,,,2026-07-01 13:22:59,2026-07-01 13:22:59
81447,410,2026W27,2026-07-01,J000002845-0000,0000,0150-18944,60,60,2026-06-18,2026-06-30,Line 03,4,0.448400,6.73,2026-07-10 10:17:00,2026-07-10 17:01:00,1,21.8,风险,系统自动分配,普通工单,,待排产,0,60,打印成功,47.96,2877.60,,,2026-07-01 13:22:59,2026-07-01 13:22:59
81281,410,2026W27,2026-07-01,J000001222-0000,0000,LB853-802360-002,75,75,2026-06-19,2026-06-30,Line 01,4,0.173861,3.26,2026-07-01 15:25:00,2026-07-01 18:41:00,1,11.9,风险,系统自动分配,普通工单,,待排产,0,75,打印成功,30.73,2304.75,,,2026-07-01 13:22:59,2026-07-01 13:22:59
81451,410,2026W27,2026-07-01,J000001462-0000,0000,0140-85318,2,2,2026-06-19,,Line 03,4,0.318128,0.16,2026-07-10 17:24:00,2026-07-10 17:34:00,1,20.9,风险,系统自动分配,普通工单,,待排产,0,2,打印成功,51.02,102.04,,,2026-07-01 13:22:59,2026-07-01 13:22:59
81536,410,2026W27,2026-07-01,J000002433-0000,0000,0150-19114-ICH,10,10,2026-06-19,,Line 04,4,0.201400,0.50,2026-07-01 19:33:00,2026-07-02 09:03:00,1,12.5,风险,系统自动分配,普通工单,,待排产,0,10,打印成功,29.55,295.50,,,2026-07-01 13:22:59,2026-07-01 13:22:59
81283,410,2026W27,2026-07-01,J000002825-0000,0000,03-387274-04-TEX,10,10,2026-06-19,2026-06-30,Line 01,4,0.377600,0.94,2026-07-01 19:04:00,2026-07-02 09:00:00,1,12.5,风险,系统自动分配,普通工单,,待排产,0,10,打印成功,88.55,885.50,,,2026-07-01 13:22:59,2026-07-01 13:22:59
81533,410,2026W27,2026-07-01,J000002870-0000,0000,0140-84640,8,8,2026-06-19,2026-06-30,Line 04,4,0.104500,0.21,2026-07-01 18:42:00,2026-07-01 18:55:00,1,11.9,风险,系统自动分配,普通工单,,待排产,0,8,打印成功,28.39,227.12,,,2026-07-01 13:22:59,2026-07-01 13:22:59
81452,410,2026W27,2026-07-01,J000002876-0000,0000,0140-88275,10,10,2026-06-19,2026-06-30,Line 03,4,0.079400,0.20,2026-07-10 17:34:00,2026-07-10 17:46:00,1,20.9,风险,系统自动分配,普通工单,,待排产,0,10,打印成功,21.02,210.20,,,2026-07-01 13:22:59,2026-07-01 13:22:59
81280,410,2026W27,2026-07-01,J000002988-0000,0000,03-382157-10-TEX,10,10,2026-06-19,2026-06-30,Line 01,4,0.130400,0.33,2026-07-01 15:05:00,2026-07-01 15:25:00,1,11.8,风险,系统自动分配,普通工单,,待排产,0,10,打印成功,35.43,354.30,,,2026-07-01 13:22:59,2026-07-01 13:22:59
81660,410,2026W27,2026-07-01,J000003120-0000,0000,853-227067-011-ICH,5,5,2026-06-19,2026-07-06,Line 06,4,0.108800,0.14,2026-07-06 09:00:00,2026-07-06 09:08:00,1,16.5,风险,系统自动分配,普通工单,,待排产,0,5,打印成功,305.60,1528.00,,,2026-07-01 13:22:59,2026-07-01 13:22:59
81284,410,2026W27,2026-07-01,J000003156-0000,0000,0140-81611-ICH,10,10,2026-06-19,2026-06-30,Line 01,4,0.626400,1.57,2026-07-02 09:00:00,2026-07-02 10:34:00,1,12.6,风险,系统自动分配,普通工单,,待排产,0,10,打印成功,99.30,993.00,,,2026-07-01 13:22:59,2026-07-01 13:22:59
81737,410,2026W27,2026-07-01,J000003210-0000,0000,0140-88137,3,3,2026-06-19,2026-06-30,Line 07,3,0.628778,0.63,2026-07-06 12:04:00,2026-07-06 12:42:00,1,16.7,风险,系统自动分配,普通工单,,待排产,0,3,打印成功,83.98,251.94,,,2026-07-01 13:22:59,2026-07-01 13:22:59
81736,410,2026W27,2026-07-01,J000003211-0000,0000,0140-88137,8,8,2026-06-19,2026-06-30,Line 07,3,0.628778,1.68,2026-07-06 10:23:00,2026-07-06 12:04:00,1,16.6,风险,系统自动分配,普通工单,,待排产,0,8,打印成功,83.98,671.84,,,2026-07-01 13:22:59,2026-07-01 13:22:59
81735,410,2026W27,2026-07-01,J000003213-0000,0000,0140-88137,3,3,2026-06-19,2026-06-30,Line 07,3,0.628778,0.63,2026-07-06 09:45:00,2026-07-06 10:23:00,1,16.6,风险,系统自动分配,普通工单,,待排产,0,3,打印成功,100.26,300.78,,,2026-07-01 13:22:59,2026-07-01 13:22:59
81453,410,2026W27,2026-07-01,J000003271-0000,0000,0140-88137,8,8,2026-06-19,2026-07-13,Line 03,4,0.628778,1.26,2026-07-13 09:00:00,2026-07-13 10:16:00,1,23.6,风险,系统自动分配,普通工单,,待排产,0,8,打印成功,83.98,671.84,,,2026-07-01 13:22:59,2026-07-01 13:22:59
81534,410,2026W27,2026-07-01,J000003283-0000,0000,0140-84640,8,8,2026-06-19,2026-06-30,Line 04,4,0.104500,0.21,2026-07-01 18:55:00,2026-07-01 19:08:00,1,11.9,风险,系统自动分配,普通工单,,待排产,0,8,打印成功,28.39,227.12,,,2026-07-01 13:22:59,2026-07-01 13:22:59
81448,410,2026W27,2026-07-01,J000003284-0000,0000,0140-84640,5,5,2026-06-19,2026-06-30,Line 03,4,0.104500,0.13,2026-07-10 17:01:00,2026-07-10 17:09:00,1,20.8,风险,系统自动分配,普通工单,,待排产,0,5,打印成功,26.09,130.45,,,2026-07-01 13:22:59,2026-07-01 13:22:59
81449,410,2026W27,2026-07-01,J000003285-0000,0000,0140-84640,8,8,2026-06-19,2026-06-30,Line 03,4,0.104500,0.21,2026-07-10 17:09:00,2026-07-10 17:22:00,1,20.8,风险,系统自动分配,普通工单,,待排产,0,8,打印成功,26.09,208.72,,,2026-07-01 13:22:59,2026-07-01 13:22:59
81535,410,2026W27,2026-07-01,J000003286-0000,0000,0140-84640,16,16,2026-06-19,2026-06-30,Line 04,4,0.104500,0.42,2026-07-01 19:08:00,2026-07-01 19:33:00,1,11.9,风险,系统自动分配,普通工单,,待排产,0,16,打印成功,26.09,417.44,,,2026-07-01 13:22:59,2026-07-01 13:22:59
81450,410,2026W27,2026-07-01,J000003287-0000,0000,0140-84640,1,1,2026-06-19,2026-06-30,Line 03,4,0.104500,0.03,2026-07-10 17:22:00,2026-07-10 17:24:00,1,20.9,风险,系统自动分配,普通工单,,待排产,0,1,打印成功,26.09,26.09,,,2026-07-01 13:22:59,2026-07-01 13:22:59
81282,410,2026W27,2026-07-01,J000003288-0000,0000,0140-84640,15,15,2026-06-19,2026-06-30,Line 01,4,0.104500,0.39,2026-07-01 18:41:00,2026-07-01 19:04:00,1,11.9,风险,系统自动分配,普通工单,,待排产,0,15,打印成功,28.39,425.85,,,2026-07-01 13:22:59,2026-07-01 13:22:59
81659,410,2026W27,2026-07-01,PA00000911-0000,0000,853-300360-101-PLS,2,2,2026-06-19,2026-06-30,Line 06,4,0.611200,0.31,2026-07-01 09:02:00,2026-07-01 09:21:00,1,11.5,风险,系统自动分配,普通工单,,待排产,0,2,打印成功,55.00,110.00,,,2026-07-01 13:22:59,2026-07-01 13:22:59
81538,410,2026W27,2026-07-01,J000002358-0000,0000,0140-39959-ICH,5,5,2026-06-22,2026-06-30,Line 04,4,0.243500,0.30,2026-07-02 09:08:00,2026-07-02 09:26:00,1,9.5,风险,系统自动分配,普通工单,,待排产,0,5,打印成功,46.15,230.75,,,2026-07-01 13:22:59,2026-07-01 13:22:59
81537,410,2026W27,2026-07-01,J000002435-0000,0000,0150-23041-ICH,6,6,2026-06-22,2026-06-30,Line 04,4,0.053600,0.08,2026-07-02 09:03:00,2026-07-02 09:08:00,1,9.5,风险,系统自动分配,普通工单,,待排产,0,6,打印成功,91.71,550.26,,,2026-07-01 13:22:59,2026-07-01 13:22:59
81539,410,2026W27,2026-07-01,PA00000299-0000,0000,LB853-494141-003,7,7,2026-06-22,2026-06-30,Line 04,4,0.419200,0.73,2026-07-02 09:26:00,2026-07-02 10:10:00,1,9.5,风险,系统自动分配,普通工单,,待排产,0,7,打印成功,34.70,242.90,,,2026-07-01 13:22:59,2026-07-01 13:22:59
81662,410,2026W27,2026-07-01,J000003046-0000,0000,0150-41628,10,10,2026-06-23,2026-06-30,Line 06,4,0.077267,0.19,2026-07-06 09:09:00,2026-07-06 09:20:00,1,12.5,风险,系统自动分配,普通工单,,待排产,0,10,打印成功,14.18,141.80,,,2026-07-01 13:22:59,2026-07-01 13:22:59
81381,410,2026W27,2026-07-01,J000003113-0000,0000,0140-07561,25,25,2026-06-23,2026-06-30,Line 02,4,1.611800,10.07,2026-07-01 13:47:00,2026-07-02 12:51:00,1,8.7,风险,系统自动分配,普通工单,,待排产,0,25,打印成功,115.42,2885.50,,,2026-07-01 13:22:59,2026-07-01 13:22:59
81601,410,2026W27,2026-07-01,J000003301-0000,0000,0140-32873-ICH,7,7,2026-06-23,2026-06-30,Line 05,4,3.962500,6.93,2026-07-02 10:17:00,2026-07-02 17:13:00,1,8.8,风险,系统自动分配,普通工单,,待排产,0,7,打印成功,743.60,5205.20,,,2026-07-01 13:22:59,2026-07-01 13:22:59
81663,410,2026W27,2026-07-01,J000003334-0000,0000,853-188261-002-ICH,1,1,2026-06-23,2026-06-30,Line 06,4,0.096000,0.02,2026-07-06 09:20:00,2026-07-06 09:21:00,1,12.5,风险,系统自动分配,普通工单,,待排产,0,1,打印成功,20.16,20.16,,,2026-07-01 13:22:59,2026-07-01 13:22:59
81661,410,2026W27,2026-07-01,J000003336-0000,0000,853-188261-003-ICH,1,1,2026-06-23,2026-06-30,Line 06,4,0.096000,0.02,2026-07-06 09:08:00,2026-07-06 09:09:00,1,12.5,风险,系统自动分配,普通工单,,待排产,0,1,打印成功,20.16,20.16,,,2026-07-01 13:22:59,2026-07-01 13:22:59
81664,410,2026W27,2026-07-01,J000003337-0000,0000,853-188261-009-ICH,1,1,2026-06-23,2026-06-30,Line 06,4,0.096000,0.02,2026-07-06 09:21:00,2026-07-06 09:22:00,1,12.5,风险,系统自动分配,普通工单,,待排产,0,1,打印成功,20.29,20.29,,,2026-07-01 13:22:59,2026-07-01 13:22:59
81741,410,2026W27,2026-07-01,J000000055-0000,0000,LB853-494169-002,7,7,2026-06-25,2026-06-30,Line 07,3,0.452000,1.05,2026-07-06 14:33:00,2026-07-06 15:36:00,1,10.8,风险,系统自动分配,普通工单,,待排产,0,7,未记录,19.00,133.00,,,2026-07-01 13:22:59,2026-07-01 13:22:59
81602,410,2026W27,2026-07-01,J000002067-0000,0000,0140-18238,20,20,2026-06-25,2026-06-30,Line 05,4,1.601200,8.01,2026-07-02 17:13:00,2026-07-03 14:14:00,1,7.7,风险,系统自动分配,普通工单,,待排产,0,20,打印成功,152.37,3047.40,,,2026-07-01 13:22:59,2026-07-01 13:22:59
81384,410,2026W27,2026-07-01,J000002270-0000,0000,0140-30064-ICH,4,4,2026-06-25,2026-06-30,Line 02,4,0.611100,0.61,2026-07-02 13:50:00,2026-07-02 14:27:00,1,6.7,风险,系统自动分配,普通工单,,待排产,0,4,打印成功,68.38,273.52,,,2026-07-01 13:22:59,2026-07-01 13:22:59
81285,410,2026W27,2026-07-01,J000002771-0000,0000,03-377952-02-TEX,10,10,2026-06-25,2026-07-06,Line 01,4,0.224000,0.56,2026-07-06 09:00:00,2026-07-06 09:34:00,1,10.5,风险,系统自动分配,普通工单,,待排产,0,10,打印成功,35.62,356.20,,,2026-07-01 13:22:59,2026-07-01 13:22:59
81603,410,2026W27,2026-07-01,J000002787-0000,0000,LA853-251034-007,50,50,2026-06-25,2026-07-03,Line 05,4,0.021400,0.27,2026-07-03 14:14:00,2026-07-03 14:30:00,1,7.7,风险,系统自动分配,普通工单,,待排产,0,50,打印成功,4.40,220.00,,,2026-07-01 13:22:59,2026-07-01 13:22:59
81541,410,2026W27,2026-07-01,J000002788-0000,0000,LA853-251034-004,50,50,2026-06-25,2026-07-03,Line 04,4,0.021400,0.27,2026-07-03 09:00:00,2026-07-03 09:16:00,1,7.5,风险,系统自动分配,普通工单,,待排产,0,50,打印成功,4.40,220.00,,,2026-07-01 13:22:59,2026-07-01 13:22:59
81666,410,2026W27,2026-07-01,J000002791-0000,0000,03-387274-02-TEX,10,10,2026-06-25,2026-06-30,Line 06,4,0.377600,0.94,2026-07-06 09:59:00,2026-07-06 10:55:00,1,10.6,风险,系统自动分配,普通工单,,待排产,0,10,打印成功,88.55,885.50,,,2026-07-01 13:22:59,2026-07-01 13:22:59
81740,410,2026W27,2026-07-01,J000002808-0000,0000,03-378395-00-TEX,10,10,2026-06-25,2026-06-30,Line 07,3,0.145600,0.49,2026-07-06 14:04:00,2026-07-06 14:33:00,1,10.7,风险,系统自动分配,普通工单,,待排产,0,10,打印成功,80.85,808.50,,,2026-07-01 13:22:59,2026-07-01 13:22:59
81739,410,2026W27,2026-07-01,J000002830-0000,0000,03-387274-04-TEX,10,10,2026-06-25,2026-06-30,Line 07,3,0.377600,1.26,2026-07-06 12:48:00,2026-07-06 14:04:00,1,10.7,风险,系统自动分配,普通工单,,待排产,0,10,打印成功,88.55,885.50,,,2026-07-01 13:22:59,2026-07-01 13:22:59
81667,410,2026W27,2026-07-01,J000002832-0000,0000,03-387274-02-TEX,10,10,2026-06-25,2026-06-30,Line 06,4,0.377600,0.94,2026-07-06 10:55:00,2026-07-06 11:51:00,1,10.6,风险,系统自动分配,普通工单,,待排产,0,10,打印成功,88.55,885.50,,,2026-07-01 13:22:59,2026-07-01 13:22:59
81382,410,2026W27,2026-07-01,J000002833-0000,0000,03-387274-07-TEX,10,10,2026-06-25,2026-06-30,Line 02,4,0.377600,0.94,2026-07-02 12:51:00,2026-07-02 13:47:00,1,6.7,风险,系统自动分配,普通工单,,待排产,0,10,打印成功,88.55,885.50,,,2026-07-01 13:22:59,2026-07-01 13:22:59
81668,410,2026W27,2026-07-01,J000002854-0000,0000,0150-11101,10,10,2026-06-25,2026-06-30,Line 06,4,0.101200,0.25,2026-07-06 11:51:00,2026-07-06 12:06:00,1,10.6,风险,系统自动分配,普通工单,,待排产,0,10,打印成功,96.51,965.10,,,2026-07-01 13:22:59,2026-07-01 13:22:59
81665,410,2026W27,2026-07-01,J000002903-0000,0000,03-412342-05-TEX,10,10,2026-06-25,2026-06-30,Line 06,4,0.243200,0.61,2026-07-06 09:22:00,2026-07-06 09:59:00,1,10.5,风险,系统自动分配,普通工单,,待排产,0,10,打印成功,95.51,955.10,,,2026-07-01 13:22:59,2026-07-01 13:22:59
81604,410,2026W27,2026-07-01,J000003043-0000,0000,LB853-247148-002,100,100,2026-06-25,2026-09-24,Line 05,4,2.780300,69.51,2026-09-24 09:00:00,2026-10-10 12:31:00,1,106.6,风险,系统自动分配,普通工单,,待排产,0,100,未记录,110.27,11027.00,,,2026-07-01 13:22:59,2026-07-01 13:22:59
81738,410,2026W27,2026-07-01,J000003208-0000,0000,0140-39369-ICH,1,1,2026-06-25,2026-06-30,Line 07,3,0.298800,0.10,2026-07-06 12:42:00,2026-07-06 12:48:00,1,10.7,风险,系统自动分配,普通工单,,待排产,0,1,打印成功,41.29,41.29,,,2026-07-01 13:22:59,2026-07-01 13:22:59
81383,410,2026W27,2026-07-01,J000003308-0000,0000,0140-84771,9,9,2026-06-25,2026-06-30,Line 02,4,0.024100,0.05,2026-07-02 13:47:00,2026-07-02 13:50:00,1,6.7,风险,系统自动分配,普通工单,,待排产,0,9,打印成功,16.64,149.76,,,2026-07-01 13:22:59,2026-07-01 13:22:59
81454,410,2026W27,2026-07-01,J000003338-0000,0000,853-188261-002-ICH,2,2,2026-06-25,2026-06-30,Line 03,4,0.096000,0.05,2026-07-13 10:16:00,2026-07-13 10:19:00,1,17.6,风险,系统自动分配,普通工单,,待排产,0,2,打印成功,20.16,40.32,,,2026-07-01 13:22:59,2026-07-01 13:22:59
81540,410,2026W27,2026-07-01,J000003339-0000,0000,853-188261-009-ICH,2,2,2026-06-25,2026-06-30,Line 04,4,0.096000,0.05,2026-07-02 10:10:00,2026-07-02 10:13:00,1,6.6,风险,系统自动分配,普通工单,,待排产,0,2,打印成功,20.29,40.58,,,2026-07-01 13:22:59,2026-07-01 13:22:59
81455,410,2026W27,2026-07-01,J000003342-0000,0000,853-188261-002-ICH,1,1,2026-06-25,2026-07-06,Line 03,4,0.096000,0.02,2026-07-13 10:19:00,2026-07-13 10:20:00,1,17.6,风险,系统自动分配,普通工单,,待排产,0,1,打印成功,20.16,20.16,,,2026-07-01 13:22:59,2026-07-01 13:22:59
81742,410,2026W27,2026-07-01,J000003343-0000,0000,0140-39369-ICH,26,26,2026-06-25,2026-07-15,Line 07,3,0.298800,2.59,2026-07-15 09:00:00,2026-07-15 11:35:00,1,19.6,风险,系统自动分配,普通工单,,待排产,0,26,打印成功,32.04,833.04,,,2026-07-01 13:22:59,2026-07-01 13:22:59
81669,410,2026W27,2026-07-01,PA00000342-0000,0000,LB853-494153-004,7,7,2026-06-25,2026-06-30,Line 06,4,0.695192,1.22,2026-07-06 12:06:00,2026-07-06 13:19:00,1,10.7,风险,系统自动分配,普通工单,,待排产,0,7,打印成功,63.10,441.70,,,2026-07-01 13:22:59,2026-07-01 13:22:59
81542,410,2026W27,2026-07-01,J000002967-0000,0000,03-432029-02-TEX,10,10,2026-06-26,2026-06-30,Line 04,4,0.039200,0.10,2026-07-03 09:16:00,2026-07-03 09:22:00,1,6.5,风险,系统自动分配,普通工单,,待排产,0,10,打印成功,33.97,339.70,,,2026-07-01 13:22:59,2026-07-01 13:22:59
81743,410,2026W27,2026-07-01,J000003012-0000,0000,03-429971-02-TEX,1,1,2026-06-26,2026-06-30,Line 07,3,0.231200,0.08,2026-07-15 11:35:00,2026-07-15 11:40:00,1,18.6,风险,系统自动分配,普通工单,,待排产,0,1,打印成功,108.61,108.61,,,2026-07-01 13:22:59,2026-07-01 13:22:59
81744,410,2026W27,2026-07-01,J000003235-0000,0000,0140-23867,10,10,2026-06-26,2026-06-30,Line 07,3,6.370800,21.24,2026-07-15 11:40:00,2026-07-17 10:54:00,1,20.6,风险,系统自动分配,普通工单,,待排产,0,10,打印成功,549.49,5494.90,,,2026-07-01 13:22:59,2026-07-01 13:22:59
81673,410,2026W27,2026-07-01,J000002405-0000,0000,LB853-326822-001,100,100,2026-06-29,,Line 06,4,0.056500,1.41,2026-07-10 09:14:00,2026-07-10 10:39:00,1,10.6,风险,系统自动分配,普通工单,,待排产,0,100,打印成功,18.83,1883.00,,,2026-07-01 13:22:59,2026-07-01 13:22:59
81672,410,2026W27,2026-07-01,J000002809-0000,0000,LB853-A16753-011,10,10,2026-06-29,2026-07-10,Line 06,4,0.092850,0.23,2026-07-10 09:00:00,2026-07-10 09:14:00,1,10.5,风险,系统自动分配,普通工单,,待排产,0,10,打印成功,106.74,1067.40,,,2026-07-01 13:22:59,2026-07-01 13:22:59
81386,410,2026W27,2026-07-01,J000003188-0000,0000,LB853-118291-671,10,10,2026-06-29,2026-06-30,Line 02,4,0.429600,1.07,2026-07-02 14:57:00,2026-07-02 16:01:00,1,2.8,风险,系统自动分配,普通工单,,待排产,0,10,打印成功,286.42,2864.20,,,2026-07-01 13:22:59,2026-07-01 13:22:59
81385,410,2026W27,2026-07-01,J000003351-0000,0000,LA853-258815-002,10,10,2026-06-29,2026-06-30,Line 02,4,0.200400,0.50,2026-07-02 14:27:00,2026-07-02 14:57:00,1,2.7,风险,系统自动分配,普通工单,,待排产,0,10,打印成功,26.68,266.80,,,2026-07-01 13:22:59,2026-07-01 13:22:59
81543,410,2026W27,2026-07-01,J000003353-0000,0000,LA853-250891-001,15,15,2026-06-29,2026-06-30,Line 04,4,0.278667,1.05,2026-07-03 09:22:00,2026-07-03 10:25:00,1,3.6,风险,系统自动分配,普通工单,,待排产,0,15,打印成功,21.32,319.80,,,2026-07-01 13:22:59,2026-07-01 13:22:59
81670,410,2026W27,2026-07-01,PA00000659-0000,0000,LB853-A54036-221,7,7,2026-06-29,,Line 06,4,0.469600,0.82,2026-07-06 13:19:00,2026-07-06 14:08:00,1,6.7,风险,系统自动分配,普通工单,,待排产,0,7,未记录,132.75,929.25,,,2026-07-01 13:22:59,2026-07-01 13:22:59
81456,410,2026W27,2026-07-01,PA00000986-0000,0000,LB853-A54036-006,30,30,2026-06-29,2026-06-30,Line 03,4,0.391200,2.93,2026-07-13 10:20:00,2026-07-13 13:16:00,1,13.7,风险,系统自动分配,普通工单,,待排产,0,30,打印成功,113.47,3404.10,,,2026-07-01 13:22:59,2026-07-01 13:22:59
81807,410,2026W27,2026-07-01,PA00001000-0000,0000,LB853-A02141-001,7,7,2026-06-29,2026-06-30,,0,,0.00,2026-07-01 00:00:00,2026-07-01 00:00:00,0,0.0,,,普通工单,缺单根时间,待排产,0,7,打印成功,46.10,322.70,,,2026-07-01 13:22:59,2026-07-01 13:22:59
81671,410,2026W27,2026-07-01,PA00001003-0000,0000,LB853-A54036-006,5,5,2026-06-29,2026-06-30,Line 06,4,0.391200,0.49,2026-07-06 14:08:00,2026-07-06 14:37:00,1,6.7,风险,系统自动分配,普通工单,,待排产,0,5,打印成功,132.43,662.15,,,2026-07-01 13:22:59,2026-07-01 13:22:59
81286,410,2026W27,2026-07-01,PA00001004-0000,0000,LB853-A54036-001,10,10,2026-06-29,2026-06-30,Line 01,4,0.141176,0.35,2026-07-06 09:34:00,2026-07-06 09:55:00,1,6.5,风险,系统自动分配,普通工单,,待排产,0,10,打印成功,134.64,1346.40,,,2026-07-01 13:22:59,2026-07-01 13:22:59
81287,410,2026W27,2026-07-01,PA00001006-0000,0000,LB853-A54036-006,10,10,2026-06-29,2026-06-30,Line 01,4,0.391200,0.98,2026-07-06 09:55:00,2026-07-06 10:54:00,1,6.6,风险,系统自动分配,普通工单,,待排产,0,10,打印成功,132.43,1324.30,,,2026-07-01 13:22:59,2026-07-01 13:22:59
81395,410,2026W27,2026-07-01,J000001585-0000,0000,853-A78757-001-ICH,1,1,2026-06-30,2026-07-06,Line 02,4,0.844235,0.21,2026-07-06 11:42:00,2026-07-06 11:55:00,1,5.6,风险,系统自动分配,普通工单,,待排产,0,1,未记录,135.99,135.99,,,2026-07-01 13:22:59,2026-07-01 13:22:59
81464,410,2026W27,2026-07-01,J000001949-0000,0000,LA853-258369-001,15,15,2026-06-30,2026-07-15,Line 03,4,0.054389,0.20,2026-07-15 09:00:00,2026-07-15 09:12:00,1,14.5,风险,系统自动分配,普通工单,,待排产,0,15,打印成功,43.40,651.00,,,2026-07-01 13:22:59,2026-07-01 13:22:59
81546,410,2026W27,2026-07-01,J000002143-0000,0000,0140-32873-ICH,3,3,2026-06-30,2026-06-30,Line 04,4,3.962500,2.97,2026-07-03 11:26:00,2026-07-03 14:24:00,1,2.7,风险,系统自动分配,普通工单,,待排产,0,3,打印成功,743.60,2230.80,,,2026-07-01 13:22:59,2026-07-01 13:22:59
81681,410,2026W27,2026-07-01,J000002183-0000,0000,853-A78757-001-ICH,1,1,2026-06-30,2026-07-06,Line 06,4,0.844235,0.21,2026-07-14 12:54:00,2026-07-14 13:07:00,1,13.7,风险,系统自动分配,普通工单,,待排产,0,1,打印成功,135.99,135.99,,,2026-07-01 13:22:59,2026-07-01 13:22:59
81544,410,2026W27,2026-07-01,J000002294-0000,0000,853-256855-001-ICH,1,1,2026-06-30,2026-06-30,Line 04,4,0.110400,0.03,2026-07-03 10:25:00,2026-07-03 10:27:00,1,2.6,风险,系统自动分配,普通工单,,待排产,0,1,打印成功,6.51,6.51,,,2026-07-01 13:22:59,2026-07-01 13:22:59
81457,410,2026W27,2026-07-01,J000002426-0000,0000,0140-32873-ICH,2,2,2026-06-30,,Line 03,4,3.962500,1.98,2026-07-13 13:16:00,2026-07-13 15:15:00,1,12.8,风险,系统自动分配,普通工单,,待排产,0,2,打印成功,909.32,1818.64,,,2026-07-01 13:22:59,2026-07-01 13:22:59
81257,410,2026W27,2026-07-01,J000002821-0000,0000,04-429974-00-TEX,10,10,2026-06-30,2026-06-30,Assembly-1,2,0.119200,0.60,2026-10-12 12:51:00,2026-10-12 13:27:00,1,103.7,风险,固定线体,主工单,,待排产,0,10,打印成功,48.74,487.40,,,2026-07-01 13:22:59,2026-07-01 13:22:59
81607,410,2026W27,2026-07-01,J000002821-0001,0001,03-429970-01-KIT-TEX,10,10,2026-06-30,2026-06-30,Line 05,4,0.080000,0.20,2026-10-10 12:39:00,2026-10-10 12:51:00,1,101.7,风险,系统自动分配,子工单,,待排产,0,10,打印成功,,,,,2026-07-01 13:22:59,2026-07-01 13:22:59
81387,410,2026W27,2026-07-01,J000002821-0002,0002,03-429970-02-KIT-TEX,10,10,2026-06-30,2026-06-30,Line 02,4,0.080000,0.20,2026-07-02 16:01:00,2026-07-02 16:13:00,1,1.8,风险,系统自动分配,子工单,,待排产,0,10,打印成功,,,,,2026-07-01 13:22:59,2026-07-01 13:22:59
81548,410,2026W27,2026-07-01,J000002828-0000,0000,03-406168-00-TEX,10,10,2026-06-30,2026-06-30,Line 04,4,0.139200,0.35,2026-07-03 14:26:00,2026-07-03 14:47:00,1,2.7,风险,系统自动分配,普通工单,,待排产,0,10,打印成功,53.46,534.60,,,2026-07-01 13:22:59,2026-07-01 13:22:59
81463,410,2026W27,2026-07-01,J000002887-0000,0000,LB833-004563-007,100,100,2026-06-30,2026-07-13,Line 03,4,0.092244,2.31,2026-07-13 19:21:00,2026-07-14 10:40:00,1,13.6,风险,系统自动分配,普通工单,,待排产,0,100,未记录,15.89,1589.00,,,2026-07-01 13:22:59,2026-07-01 13:22:59
81746,410,2026W27,2026-07-01,J000002890-0000,0000,LB833-004563-007,100,100,2026-06-30,2026-07-13,Line 07,3,0.092244,3.07,2026-07-17 11:44:00,2026-07-17 14:48:00,1,16.7,风险,系统自动分配,普通工单,,待排产,0,100,未记录,15.89,1589.00,,,2026-07-01 13:22:59,2026-07-01 13:22:59
81291,410,2026W27,2026-07-01,J000002891-0000,0000,LB833-004563-007,100,100,2026-06-30,2026-07-13,Line 01,4,0.092244,2.31,2026-07-13 09:00:00,2026-07-13 11:19:00,1,12.6,风险,系统自动分配,普通工单,,待排产,0,100,未记录,15.89,1589.00,,,2026-07-01 13:22:59,2026-07-01 13:22:59
81678,410,2026W27,2026-07-01,J000002892-0000,0000,LB853-A02072-442,85,85,2026-06-30,2026-06-30,Line 06,4,0.041300,0.88,2026-07-13 09:48:00,2026-07-13 10:41:00,1,12.6,风险,系统自动分配,普通工单,,待排产,0,85,打印成功,29.43,2501.55,,,2026-07-01 13:22:59,2026-07-01 13:22:59
81258,410,2026W27,2026-07-01,J000002972-0000,0000,LB853-272819-026,50,50,2026-06-30,2026-07-06,Assembly-1,2,1.200000,30.00,2026-10-15 13:46:00,2026-10-19 13:46:00,1,110.7,风险,固定线体,主工单,,待排产,0,50,打印成功,1071.38,53569.00,,,2026-07-01 13:22:59,2026-07-01 13:22:59
81679,410,2026W27,2026-07-01,J000002972-0001,0001,LB853-037840-145-KIT,50,50,2026-06-30,2026-07-06,Line 06,4,1.050200,13.13,2026-07-13 10:41:00,2026-07-14 12:49:00,1,13.7,风险,系统自动分配,子工单,,待排产,0,50,打印成功,,,,,2026-07-01 13:22:59,2026-07-01 13:22:59
81393,410,2026W27,2026-07-01,J000002972-0002,0002,LB853-048140-023-KIT,50,50,2026-06-30,2026-07-06,Line 02,4,0.206000,2.57,2026-07-06 09:00:00,2026-07-06 11:34:00,1,5.6,风险,系统自动分配,子工单,,待排产,0,50,打印成功,,,,,2026-07-01 13:22:59,2026-07-01 13:22:59
81611,410,2026W27,2026-07-01,J000002972-0003,0003,LB853-244271-020-KIT,50,50,2026-06-30,2026-07-06,Line 05,4,1.170889,14.64,2026-10-13 10:08:00,2026-10-14 13:46:00,1,105.7,风险,系统自动分配,子工单,,待排产,0,50,打印成功,,,,,2026-07-01 13:22:59,2026-07-01 13:22:59
81459,410,2026W27,2026-07-01,J000002972-0004,0004,LB853-278713-001-KIT,50,50,2026-06-30,2026-07-06,Line 03,4,0.260000,3.25,2026-07-13 15:43:00,2026-07-13 18:58:00,1,12.9,风险,系统自动分配,子工单,,待排产,0,50,打印成功,,,,,2026-07-01 13:22:59,2026-07-01 13:22:59
81550,410,2026W27,2026-07-01,J000002972-0005,0005,LB853-278713-002-KIT,50,50,2026-06-30,2026-07-06,Line 04,4,0.260000,3.25,2026-07-06 09:00:00,2026-07-06 12:15:00,1,5.6,风险,系统自动分配,子工单,,待排产,0,50,打印成功,,,,,2026-07-01 13:22:59,2026-07-01 13:22:59
81290,410,2026W27,2026-07-01,J000002972-0006,0006,LB853-107577-005-KIT,50,50,2026-06-30,2026-07-06,Line 01,4,0.500000,6.25,2026-07-08 11:40:00,2026-07-08 17:55:00,1,7.9,风险,系统自动分配,子工单,,待排产,0,50,打印成功,,,,,2026-07-01 13:22:59,2026-07-01 13:22:59
81289,410,2026W27,2026-07-01,J000002972-0007,0007,LB853-007857-201-KIT,50,50,2026-06-30,2026-07-06,Line 01,4,0.201000,2.51,2026-07-08 09:09:00,2026-07-08 11:40:00,1,7.6,风险,系统自动分配,子工单,,待排产,0,50,打印成功,,,,,2026-07-01 13:22:59,2026-07-01 13:22:59
81551,410,2026W27,2026-07-01,J000003009-0000,0000,LB833-004563-007,100,100,2026-06-30,2026-07-13,Line 04,4,0.092244,2.31,2026-07-13 09:00:00,2026-07-13 11:19:00,1,12.6,风险,系统自动分配,普通工单,,待排产,0,100,未记录,15.89,1589.00,,,2026-07-01 13:22:59,2026-07-01 13:22:59
81610,410,2026W27,2026-07-01,J000003037-0000,0000,0140-23867,10,10,2026-06-30,2026-06-30,Line 05,4,6.370800,15.93,2026-10-10 13:12:00,2026-10-13 10:08:00,1,104.5,风险,系统自动分配,普通工单,,待排产,0,10,打印成功,549.49,5494.90,,,2026-07-01 13:22:59,2026-07-01 13:22:59
81549,410,2026W27,2026-07-01,J000003097-0000,0000,03-426503-01-TEX,20,20,2026-06-30,2026-06-30,Line 04,4,0.116800,0.58,2026-07-03 14:47:00,2026-07-03 15:22:00,1,2.8,风险,系统自动分配,普通工单,,待排产,0,20,打印成功,36.72,734.40,,,2026-07-01 13:22:59,2026-07-01 13:22:59
81390,410,2026W27,2026-07-01,J000003117-0000,0000,0140-19083-ICH,10,10,2026-06-30,2026-06-30,Line 02,4,0.184900,0.46,2026-07-02 16:44:00,2026-07-02 17:12:00,1,1.8,风险,系统自动分配,普通工单,,待排产,0,10,打印成功,35.32,353.20,,,2026-07-01 13:22:59,2026-07-01 13:22:59
81462,410,2026W27,2026-07-01,J000003149-0000,0000,0140-46463-ICH,2,2,2026-06-30,2026-06-30,Line 03,4,0.364000,0.18,2026-07-13 19:10:00,2026-07-13 19:21:00,1,12.9,风险,系统自动分配,普通工单,,待排产,0,2,打印成功,57.85,115.70,,,2026-07-01 13:22:59,2026-07-01 13:22:59
81608,410,2026W27,2026-07-01,J000003151-0000,0000,0140-46462-ICH,1,1,2026-06-30,2026-06-30,Line 05,4,0.291200,0.07,2026-10-10 12:51:00,2026-10-10 12:55:00,1,101.7,风险,系统自动分配,普通工单,,待排产,0,1,打印成功,42.57,42.57,,,2026-07-01 13:22:59,2026-07-01 13:22:59
81677,410,2026W27,2026-07-01,J000003162-0000,0000,LA853-258589-001,10,10,2026-06-30,2026-06-30,Line 06,4,0.039400,0.10,2026-07-13 09:42:00,2026-07-13 09:48:00,1,12.5,风险,系统自动分配,普通工单,,待排产,0,10,打印成功,6.27,62.70,,,2026-07-01 13:22:59,2026-07-01 13:22:59
81552,410,2026W27,2026-07-01,J000003163-0000,0000,LA853-258585-001,10,10,2026-06-30,,Line 04,4,0.398800,1.00,2026-07-13 11:19:00,2026-07-13 12:19:00,1,12.6,风险,系统自动分配,普通工单,,待排产,0,10,打印成功,33.76,337.60,,,2026-07-01 13:22:59,2026-07-01 13:22:59
81675,410,2026W27,2026-07-01,J000003168-0000,0000,LA853-250894-001,10,10,2026-06-30,2026-06-30,Line 06,4,0.330300,0.83,2026-07-11 16:15:00,2026-07-13 09:05:00,1,12.5,风险,系统自动分配,普通工单,,待排产,0,10,打印成功,21.00,210.00,,,2026-07-01 13:22:59,2026-07-01 13:22:59
81465,410,2026W27,2026-07-01,J000003176-0000,0000,LA853-258369-001,15,15,2026-06-30,2026-08-05,Line 03,4,0.054389,0.20,2026-08-05 09:00:00,2026-08-05 09:12:00,1,35.5,风险,系统自动分配,普通工单,,待排产,0,15,打印成功,43.40,651.00,,,2026-07-01 13:22:59,2026-07-01 13:22:59
81674,410,2026W27,2026-07-01,J000003193-0000,0000,853-016825-005-PLS,100,100,2026-06-30,2026-06-30,Line 06,4,0.664000,16.60,2026-07-10 10:39:00,2026-07-11 16:15:00,1,10.8,风险,系统自动分配,普通工单,,待排产,0,100,打印成功,55.91,5591.00,,,2026-07-01 13:22:59,2026-07-01 13:22:59
81466,410,2026W27,2026-07-01,J000003197-0000,0000,LBHRN-109616-B006,2,2,2026-06-30,2026-10-02,Line 03,4,3.597300,1.80,2026-10-08 09:00:00,2026-10-08 10:48:00,1,99.6,风险,系统自动分配,普通工单,,待排产,0,2,打印成功,864.00,1728.00,,,2026-07-01 13:22:59,2026-07-01 13:22:59
81745,410,2026W27,2026-07-01,J000003212-0000,0000,0140-88137,4,4,2026-06-30,2026-07-13,Line 07,3,0.628778,0.84,2026-07-17 10:54:00,2026-07-17 11:44:00,1,16.6,风险,系统自动分配,普通工单,,待排产,0,4,打印成功,83.98,335.92,,,2026-07-01 13:22:59,2026-07-01 13:22:59
81288,410,2026W27,2026-07-01,J000003240-0000,0000,0140-97708-ICH,50,50,2026-06-30,,Line 01,4,1.620339,20.25,2026-07-06 10:54:00,2026-07-08 09:09:00,1,7.5,风险,系统自动分配,普通工单,,待排产,0,50,打印成功,108.33,5416.50,,,2026-07-01 13:22:59,2026-07-01 13:22:59
81682,410,2026W27,2026-07-01,J000003261-0000,0000,853-227067-011-ICH,5,5,2026-06-30,2026-07-13,Line 06,4,0.108800,0.14,2026-07-14 13:07:00,2026-07-14 13:15:00,1,13.7,风险,系统自动分配,普通工单,,待排产,0,5,打印成功,110.55,552.75,,,2026-07-01 13:22:59,2026-07-01 13:22:59
81394,410,2026W27,2026-07-01,J000003262-0000,0000,853-227067-011-ICH,5,5,2026-06-30,2026-07-06,Line 02,4,0.108800,0.14,2026-07-06 11:34:00,2026-07-06 11:42:00,1,5.6,风险,系统自动分配,普通工单,,待排产,0,5,打印成功,305.60,1528.00,,,2026-07-01 13:22:59,2026-07-01 13:22:59
81461,410,2026W27,2026-07-01,J000003263-0000,0000,853-227067-011-ICH,5,5,2026-06-30,2026-07-06,Line 03,4,0.108800,0.14,2026-07-13 19:02:00,2026-07-13 19:10:00,1,12.9,风险,系统自动分配,普通工单,,待排产,0,5,打印成功,305.60,1528.00,,,2026-07-01 13:22:59,2026-07-01 13:22:59
81676,410,2026W27,2026-07-01,J000003270-0000,0000,0140-84174,7,7,2026-06-30,2026-06-30,Line 06,4,0.350500,0.61,2026-07-13 09:05:00,2026-07-13 09:42:00,1,12.5,风险,系统自动分配,普通工单,,待排产,0,7,打印成功,127.50,892.50,,,2026-07-01 13:22:59,2026-07-01 13:22:59
81606,410,2026W27,2026-07-01,J000003273-0000,0000,0150-25034-ICH,3,3,2026-06-30,2026-06-30,Line 05,4,0.130800,0.10,2026-10-10 12:33:00,2026-10-10 12:39:00,1,101.7,风险,系统自动分配,普通工单,,待排产,0,3,打印成功,187.54,562.62,,,2026-07-01 13:22:59,2026-07-01 13:22:59
81605,410,2026W27,2026-07-01,J000003274-0000,0000,0150-25034-ICH,1,1,2026-06-30,2026-06-30,Line 05,4,0.130800,0.03,2026-10-10 12:31:00,2026-10-10 12:33:00,1,101.6,风险,系统自动分配,普通工单,,待排产,0,1,打印成功,187.54,187.54,,,2026-07-01 13:22:59,2026-07-01 13:22:59
81388,410,2026W27,2026-07-01,J000003277-0000,0000,0150-23041-ICH,6,6,2026-06-30,2026-06-30,Line 02,4,0.053600,0.08,2026-07-02 16:13:00,2026-07-02 16:18:00,1,1.8,风险,系统自动分配,普通工单,,待排产,0,6,打印成功,91.71,550.26,,,2026-07-01 13:22:59,2026-07-01 13:22:59
81547,410,2026W27,2026-07-01,J000003292-0000,0000,853-256855-001-ICH,1,1,2026-06-30,2026-06-30,Line 04,4,0.110400,0.03,2026-07-03 14:24:00,2026-07-03 14:26:00,1,2.7,风险,系统自动分配,普通工单,,待排产,0,1,打印成功,6.51,6.51,,,2026-07-01 13:22:59,2026-07-01 13:22:59
81392,410,2026W27,2026-07-01,J000003293-0000,0000,0140-18325-ICH,10,10,2026-06-30,2026-06-30,Line 02,4,4.705882,11.76,2026-07-02 17:13:00,2026-07-03 17:59:00,1,2.9,风险,系统自动分配,普通工单,,待排产,0,10,打印成功,73.18,731.80,,,2026-07-01 13:22:59,2026-07-01 13:22:59
81389,410,2026W27,2026-07-01,J000003302-0000,0000,0150-05119,24,24,2026-06-30,2026-06-30,Line 02,4,0.071694,0.43,2026-07-02 16:18:00,2026-07-02 16:44:00,1,1.8,风险,系统自动分配,普通工单,,待排产,0,24,打印成功,7.39,177.36,,,2026-07-01 13:22:59,2026-07-01 13:22:59
81458,410,2026W27,2026-07-01,J000003323-0000,0000,0150-52879,10,10,2026-06-30,,Line 03,4,0.189400,0.47,2026-07-13 15:15:00,2026-07-13 15:43:00,1,12.8,风险,系统自动分配,普通工单,,待排产,0,10,打印成功,42.14,421.40,,,2026-07-01 13:22:59,2026-07-01 13:22:59
81292,410,2026W27,2026-07-01,J000003326-0000,0000,K50812-001_AY,2,2,2026-06-30,2026-12-28,Line 01,4,0.118400,0.06,2026-12-28 09:00:00,2026-12-28 09:04:00,1,180.5,风险,系统自动分配,普通工单,,待排产,0,2,打印成功,4.34,8.68,,,2026-07-01 13:22:59,2026-07-01 13:22:59
81545,410,2026W27,2026-07-01,J000003330-0000,0000,0150-52879,21,21,2026-06-30,2026-06-30,Line 04,4,0.189400,0.99,2026-07-03 10:27:00,2026-07-03 11:26:00,1,2.6,风险,系统自动分配,普通工单,,待排产,0,21,打印成功,42.14,884.94,,,2026-07-01 13:22:59,2026-07-01 13:22:59
81391,410,2026W27,2026-07-01,J000003346-0000,0000,0150-60445,2,2,2026-06-30,2026-06-30,Line 02,4,0.004900,0.01,2026-07-02 17:12:00,2026-07-02 17:13:00,1,1.8,风险,系统自动分配,普通工单,,待排产,0,2,打印成功,3.91,7.82,,,2026-07-01 13:22:59,2026-07-01 13:22:59
81460,410,2026W27,2026-07-01,J000003348-0000,0000,0620-01330,13,13,2026-06-30,2026-07-06,Line 03,4,0.020168,0.07,2026-07-13 18:58:00,2026-07-13 19:02:00,1,12.9,风险,系统自动分配,普通工单,,待排产,0,13,打印成功,141.36,1837.68,,,2026-07-01 13:22:59,2026-07-01 13:22:59
81680,410,2026W27,2026-07-01,J000003349-0000,0000,0620-01330,15,15,2026-06-30,2026-07-06,Line 06,4,0.020168,0.08,2026-07-14 12:49:00,2026-07-14 12:54:00,1,13.7,风险,系统自动分配,普通工单,,待排产,0,15,打印成功,141.36,2120.40,,,2026-07-01 13:22:59,2026-07-01 13:22:59
81609,410,2026W27,2026-07-01,PA00000910-0000,0000,853-300332-502-PLS,2,2,2026-06-30,,Line 05,4,0.573600,0.29,2026-10-10 12:55:00,2026-10-10 13:12:00,1,101.7,风险,系统自动分配,普通工单,,待排产,0,2,打印成功,84.56,169.12,,,2026-07-01 13:22:59,2026-07-01 13:22:59
81747,410,2026W27,2026-07-01,J000002916-0000,0000,03-389216-00-TEX,2,2,2026-07-01,2026-06-30,Line 07,3,0.136800,0.09,2026-07-17 14:48:00,2026-07-17 14:53:00,1,15.7,风险,系统自动跨线填充(Pass7),普通工单,,待排产,0,2,打印成功,32.53,65.06,,,2026-07-01 13:22:59,2026-07-01 13:22:59
81683,410,2026W27,2026-07-01,PA00000989-0000,0000,853-267001-301-PLS,25,25,2026-07-02,,Line 06,4,0.150400,0.94,2026-07-14 13:15:00,2026-07-14 14:11:00,1,11.7,风险,系统自动跨线填充(Pass7),普通工单,,待排产,0,25,打印成功,29.92,748.00,,,2026-07-01 13:22:59,2026-07-01 13:22:59
81397,410,2026W27,2026-07-01,J000002573-0000,0000,03-377952-03-TEX,10,10,2026-07-03,2026-07-06,Line 02,4,0.224000,0.56,2026-07-06 12:01:00,2026-07-06 12:35:00,1,2.6,风险,系统自动分配,普通工单,,待排产,0,10,打印成功,34.35,343.50,,,2026-07-01 13:22:59,2026-07-01 13:22:59
81754,410,2026W27,2026-07-01,J000002797-0000,0000,03-453060-04-TEX,10,10,2026-07-03,2026-06-30,Line 07,3,0.047200,0.16,2026-07-17 15:34:00,2026-07-17 15:44:00,1,13.8,风险,系统自动跨线填充(Pass7),普通工单,,待排产,0,10,打印成功,24.89,248.90,,,2026-07-01 13:22:59,2026-07-01 13:22:59
81749,410,2026W27,2026-07-01,J000002817-0000,0000,03-388192-09-TEX,10,10,2026-07-03,2026-06-30,Line 07,3,0.039200,0.13,2026-07-17 14:54:00,2026-07-17 15:02:00,1,13.8,风险,系统自动跨线填充(Pass7),普通工单,,待排产,0,10,打印成功,24.36,243.60,,,2026-07-01 13:22:59,2026-07-01 13:22:59
81553,410,2026W27,2026-07-01,J000002820-0000,0000,03-432029-05-TEX,10,10,2026-07-03,2026-06-30,Line 04,4,0.039200,0.10,2026-07-13 12:19:00,2026-07-13 12:25:00,1,9.6,风险,系统自动分配,普通工单,,待排产,0,10,打印成功,33.97,339.70,,,2026-07-01 13:22:59,2026-07-01 13:22:59
81755,410,2026W27,2026-07-01,J000002822-0000,0000,03-453060-05-TEX,10,10,2026-07-03,2026-06-30,Line 07,3,0.047200,0.16,2026-07-17 15:44:00,2026-07-17 15:54:00,1,13.8,风险,系统自动跨线填充(Pass7),普通工单,,待排产,0,10,打印成功,24.89,248.90,,,2026-07-01 13:22:59,2026-07-01 13:22:59
81756,410,2026W27,2026-07-01,J000002823-0000,0000,03-453060-06-TEX,10,10,2026-07-03,2026-06-30,Line 07,3,0.047200,0.16,2026-07-17 15:54:00,2026-07-17 16:04:00,1,13.8,风险,系统自动跨线填充(Pass7),普通工单,,待排产,0,10,打印成功,24.89,248.90,,,2026-07-01 13:22:59,2026-07-01 13:22:59
81554,410,2026W27,2026-07-01,J000002834-0000,0000,03-432029-05-TEX,10,10,2026-07-03,2026-06-30,Line 04,4,0.039200,0.10,2026-07-13 12:25:00,2026-07-13 12:31:00,1,9.6,风险,系统自动分配,普通工单,,待排产,0,10,打印成功,33.97,339.70,,,2026-07-01 13:22:59,2026-07-01 13:22:59
81752,410,2026W27,2026-07-01,J000002889-0000,0000,03-388135-07-TEX,10,10,2026-07-03,2026-06-30,Line 07,3,0.039200,0.13,2026-07-17 15:18:00,2026-07-17 15:26:00,1,13.8,风险,系统自动跨线填充(Pass7),普通工单,,待排产,0,10,打印成功,33.97,339.70,,,2026-07-01 13:22:59,2026-07-01 13:22:59
81753,410,2026W27,2026-07-01,J000002897-0000,0000,03-388135-07-TEX,10,10,2026-07-03,2026-06-30,Line 07,3,0.039200,0.13,2026-07-17 15:26:00,2026-07-17 15:34:00,1,13.8,风险,系统自动跨线填充(Pass7),普通工单,,待排产,0,10,打印成功,33.97,339.70,,,2026-07-01 13:22:59,2026-07-01 13:22:59
81396,410,2026W27,2026-07-01,J000002898-0000,0000,03-388135-08-TEX,10,10,2026-07-03,2026-06-30,Line 02,4,0.039200,0.10,2026-07-06 11:55:00,2026-07-06 12:01:00,1,2.6,风险,系统自动分配,普通工单,,待排产,0,10,打印成功,33.97,339.70,,,2026-07-01 13:22:59,2026-07-01 13:22:59
81467,410,2026W27,2026-07-01,J000002989-0000,0000,853-135262-003-TEX,20,20,2026-07-03,2026-06-30,Line 03,4,0.037600,0.19,2026-10-08 10:48:00,2026-10-08 10:59:00,1,96.6,风险,系统自动跨线填充(Pass7),普通工单,,待排产,0,20,打印成功,82.43,1648.60,,,2026-07-01 13:22:59,2026-07-01 13:22:59
81555,410,2026W27,2026-07-01,J000003080-0000,0000,03-382157-10-TEX,20,20,2026-07-03,2026-06-30,Line 04,4,0.130400,0.65,2026-07-13 12:31:00,2026-07-13 13:10:00,1,9.7,风险,系统自动跨线填充(Pass7),普通工单,,待排产,0,20,打印成功,35.43,708.60,,,2026-07-01 13:22:59,2026-07-01 13:22:59
81751,410,2026W27,2026-07-01,J000003102-0000,0000,833-A42103-102-TEX,10,10,2026-07-03,2026-06-30,Line 07,3,0.039200,0.13,2026-07-17 15:10:00,2026-07-17 15:18:00,1,13.8,风险,系统自动跨线填充(Pass7),普通工单,,待排产,0,10,打印成功,25.17,251.70,,,2026-07-01 13:22:59,2026-07-01 13:22:59
81750,410,2026W27,2026-07-01,J000003105-0000,0000,833-A42103-107-TEX,10,10,2026-07-03,2026-06-30,Line 07,3,0.039200,0.13,2026-07-17 15:02:00,2026-07-17 15:10:00,1,13.8,风险,系统自动跨线填充(Pass7),普通工单,,待排产,0,10,打印成功,25.17,251.70,,,2026-07-01 13:22:59,2026-07-01 13:22:59
81757,410,2026W27,2026-07-01,J000003110-0000,0000,853-B41337-010-TEX,10,10,2026-07-03,2026-06-30,Line 07,3,0.068000,0.23,2026-07-17 16:04:00,2026-07-17 16:18:00,1,13.8,风险,系统自动跨线填充(Pass7),普通工单,,待排产,0,10,打印成功,70.99,709.90,,,2026-07-01 13:22:59,2026-07-01 13:22:59
81294,410,2026W27,2026-07-01,J000003377-0000,0000,0140-23917,60,60,2026-07-03,2026-12-18,Line 01,4,0.235300,3.53,2026-12-28 09:15:00,2026-12-28 12:47:00,1,177.7,风险,系统自动分配,普通工单,,待排产,0,60,打印成功,27.79,1667.40,,,2026-07-01 13:22:59,2026-07-01 13:22:59
81748,410,2026W27,2026-07-01,J000003380-0000,0000,853-A75961-001-ICH,1,1,2026-07-03,2026-06-30,Line 07,3,0.070400,0.02,2026-07-17 14:53:00,2026-07-17 14:54:00,1,13.7,风险,系统自动跨线填充(Pass7),普通工单,,待排产,0,1,打印成功,32.00,32.00,,,2026-07-01 13:22:59,2026-07-01 13:22:59
81468,410,2026W27,2026-07-01,J000003385-0000,0000,853-A78606-001-ICH,1,1,2026-07-03,2026-06-30,Line 03,4,1.411765,0.35,2026-10-08 10:59:00,2026-10-08 11:20:00,1,96.6,风险,系统自动跨线填充(Pass7),普通工单,,待排产,0,1,打印成功,175.56,175.56,,,2026-07-01 13:22:59,2026-07-01 13:22:59
81293,410,2026W27,2026-07-01,PA00001005-0000,0000,LB853-A54036-001,5,5,2026-07-03,2026-06-30,Line 01,4,0.141176,0.18,2026-12-28 09:04:00,2026-12-28 09:15:00,1,177.5,风险,系统自动跨线填充(Pass7),普通工单,,待排产,0,5,打印成功,134.64,673.20,,,2026-07-01 13:22:59,2026-07-01 13:22:59
81684,410,2026W27,2026-07-01,PA00001016-0000,0000,03-398505-02-TEX,10,10,2026-07-03,2026-07-06,Line 06,4,0.351200,0.88,2026-07-14 14:11:00,2026-07-14 15:04:00,1,10.8,风险,系统自动分配,普通工单,,待排产,0,10,未记录,41.32,413.20,,,2026-07-01 13:22:59,2026-07-01 13:22:59
81469,410,2026W27,2026-07-01,J000002971-0000,0000,LB853-247142-001,100,100,2026-07-06,2026-06-30,Line 03,4,0.661200,16.53,2026-10-08 11:20:00,2026-10-09 16:52:00,1,94.8,风险,系统自动分配,普通工单,,待排产,0,100,打印成功,29.29,2929.00,,,2026-07-01 13:22:59,2026-07-01 13:22:59
81758,410,2026W27,2026-07-01,J000003171-0000,0000,03-398505-01-TEX,10,10,2026-07-06,2026-07-06,Line 07,3,0.344000,1.15,2026-07-17 16:18:00,2026-07-17 17:27:00,1,10.9,风险,系统自动分配,普通工单,,待排产,0,10,打印成功,35.52,355.20,,,2026-07-01 13:22:59,2026-07-01 13:22:59
81558,410,2026W27,2026-07-01,J000003400-0000,0000,LB853-300845-005,100,100,2026-07-06,2026-07-25,Line 04,4,0.140900,3.52,2026-07-25 09:00:00,2026-07-25 12:31:00,1,18.6,风险,系统自动分配,普通工单,,待排产,0,100,未记录,213.05,21305.00,,,2026-07-01 13:22:59,2026-07-01 13:22:59
81398,410,2026W27,2026-07-01,J000003424-0000,0000,LB833-004563-007,500,500,2026-07-06,2026-07-13,Line 02,4,0.092244,11.53,2026-07-13 09:00:00,2026-07-14 09:32:00,1,7.5,风险,系统自动分配,普通工单,,待排产,0,500,未记录,15.89,7945.00,,,2026-07-01 13:22:59,2026-07-01 13:22:59
81259,410,2026W27,2026-07-01,J000003428-0000,0000,LB853-272819-026,100,100,2026-07-06,2026-07-15,Assembly-1,2,1.200000,60.00,2026-12-29 17:49:00,2027-01-06 11:49:00,1,183.6,风险,固定线体,主工单,,待排产,0,100,打印成功,1071.38,107138.00,,,2026-07-01 13:22:59,2026-07-01 13:22:59
81686,410,2026W27,2026-07-01,J000003428-0001,0001,LB853-037840-145-KIT,100,100,2026-07-06,2026-07-15,Line 06,4,1.050200,26.25,2026-07-15 09:00:00,2026-07-17 13:15:00,1,10.7,风险,系统自动分配,子工单,,待排产,0,100,打印成功,,,,,2026-07-01 13:22:59,2026-07-01 13:22:59
81399,410,2026W27,2026-07-01,J000003428-0002,0002,LB853-048140-023-KIT,100,100,2026-07-06,2026-07-15,Line 02,4,0.206000,5.15,2026-07-15 09:00:00,2026-07-15 14:09:00,1,8.7,风险,系统自动分配,子工单,,待排产,0,100,打印成功,,,,,2026-07-01 13:22:59,2026-07-01 13:22:59
81557,410,2026W27,2026-07-01,J000003428-0003,0003,LB853-244271-020-KIT,100,100,2026-07-06,2026-07-15,Line 04,4,1.170889,29.27,2026-07-15 15:30:00,2026-07-18 11:46:00,1,11.6,风险,系统自动分配,子工单,,待排产,0,100,打印成功,,,,,2026-07-01 13:22:59,2026-07-01 13:22:59
81470,410,2026W27,2026-07-01,J000003428-0004,0004,LB853-278713-001-KIT,100,100,2026-07-06,2026-07-15,Line 03,4,0.260000,6.50,2026-10-09 16:52:00,2026-10-10 12:22:00,1,95.6,风险,系统自动分配,子工单,,待排产,0,100,未记录,,,,,2026-07-01 13:22:59,2026-07-01 13:22:59
81556,410,2026W27,2026-07-01,J000003428-0005,0005,LB853-278713-002-KIT,100,100,2026-07-06,2026-07-15,Line 04,4,0.260000,6.50,2026-07-15 09:00:00,2026-07-15 15:30:00,1,8.8,风险,系统自动分配,子工单,,待排产,0,100,未记录,,,,,2026-07-01 13:22:59,2026-07-01 13:22:59
81612,410,2026W27,2026-07-01,J000003428-0006,0006,LB853-107577-005-KIT,100,100,2026-07-06,2026-07-15,Line 05,4,0.500000,12.50,2026-10-14 13:46:00,2026-10-15 15:16:00,1,100.8,风险,系统自动分配,子工单,,待排产,0,100,打印成功,,,,,2026-07-01 13:22:59,2026-07-01 13:22:59
81295,410,2026W27,2026-07-01,J000003428-0007,0007,LB853-007857-201-KIT,100,100,2026-07-06,2026-07-15,Line 01,4,0.201000,5.03,2026-12-28 12:47:00,2026-12-28 17:49:00,1,174.9,风险,系统自动分配,子工单,,待排产,0,100,打印成功,,,,,2026-07-01 13:22:59,2026-07-01 13:22:59
81685,410,2026W27,2026-07-01,J000003443-0000,0000,LA853-251034-008,10,10,2026-07-06,2026-07-03,Line 06,4,0.021400,0.05,2026-07-14 15:04:00,2026-07-14 15:07:00,1,7.8,风险,系统自动分配,普通工单,,待排产,0,10,未记录,4.60,46.00,,,2026-07-01 13:22:59,2026-07-01 13:22:59
81759,410,2026W27,2026-07-01,PA00001026-0000,0000,03-398505-01-TEX,10,10,2026-07-06,2026-07-06,Line 07,3,0.344000,1.15,2026-07-17 17:27:00,2026-07-17 18:36:00,1,10.9,风险,系统自动分配,普通工单,,待排产,0,10,未记录,35.52,355.20,,,2026-07-01 13:22:59,2026-07-01 13:22:59
81769,410,2026W27,2026-07-01,J000001449-0000,0000,LB853-802358-002,100,100,2026-07-07,2026-06-30,Line 07,3,0.131100,4.37,2026-07-18 09:03:00,2026-07-18 13:25:00,1,10.7,风险,系统自动跨线填充(Pass7),普通工单,,待排产,0,100,打印成功,20.29,2029.00,,,2026-07-01 13:22:59,2026-07-01 13:22:59
81308,410,2026W27,2026-07-01,J000001707-0000,0000,LB853-A22993-102,67,67,2026-07-07,2027-01-08,Line 01,4,1.565715,26.23,2027-01-15 13:44:00,2027-01-18 17:58:00,1,194.9,风险,系统自动分配,主工单,,待排产,0,67,打印成功,260.18,17432.06,,,2026-07-01 13:22:59,2026-07-01 13:22:59
81618,410,2026W27,2026-07-01,J000001707-0001,0001,LB853-338104-400-KIT,67,67,2026-07-07,2027-01-08,Line 05,4,0.129300,2.17,2027-01-08 09:00:00,2027-01-08 11:10:00,1,184.6,风险,系统自动分配,子工单,,待排产,0,67,打印成功,,,,,2026-07-01 13:22:59,2026-07-01 13:22:59
81307,410,2026W27,2026-07-01,J000001707-0002,0002,LB853-338106-401-KIT,67,67,2026-07-07,2027-01-08,Line 01,4,0.132000,2.21,2027-01-14 11:31:00,2027-01-14 13:44:00,1,190.7,风险,系统自动分配,子工单,,待排产,0,67,打印成功,,,,,2026-07-01 13:22:59,2026-07-01 13:22:59
81408,410,2026W27,2026-07-01,J000001707-0003,0003,LB853-338112-400-KIT,67,67,2026-07-07,2027-01-08,Line 02,4,0.177800,2.98,2027-01-08 09:00:00,2027-01-08 11:59:00,1,184.6,风险,系统自动分配,子工单,,待排产,0,67,打印成功,,,,,2026-07-01 13:22:59,2026-07-01 13:22:59
81480,410,2026W27,2026-07-01,J000001707-0004,0004,LB853-339837-400-KIT,67,67,2026-07-07,2027-01-08,Line 03,4,0.412500,6.91,2027-01-08 09:00:00,2027-01-08 15:55:00,1,184.8,风险,系统自动分配,子工单,,待排产,0,67,打印成功,,,,,2026-07-01 13:22:59,2026-07-01 13:22:59
81687,410,2026W27,2026-07-01,J000002826-0000,0000,03-387274-05-TEX,10,10,2026-07-07,2026-06-30,Line 06,4,0.377600,0.94,2026-07-17 13:15:00,2026-07-17 14:11:00,1,9.7,风险,系统自动跨线填充(Pass7),普通工单,,待排产,0,10,打印成功,88.55,885.50,,,2026-07-01 13:22:59,2026-07-01 13:22:59
81760,410,2026W27,2026-07-01,J000002894-0000,0000,853-B39972-005-TEX,2,2,2026-07-07,2026-06-30,Line 07,3,0.156000,0.10,2026-07-17 18:36:00,2026-07-17 18:42:00,1,9.9,风险,系统自动跨线填充(Pass7),普通工单,,待排产,0,2,打印成功,113.72,227.44,,,2026-07-01 13:22:59,2026-07-01 13:22:59
81766,410,2026W27,2026-07-01,J000002896-0000,0000,03-388132-04-TEX,10,10,2026-07-07,2026-06-30,Line 07,3,0.063200,0.21,2026-07-17 19:24:00,2026-07-17 19:37:00,1,9.9,风险,系统自动跨线填充(Pass7),普通工单,,待排产,0,10,打印成功,17.36,173.60,,,2026-07-01 13:22:59,2026-07-01 13:22:59
81261,410,2026W27,2026-07-01,J000002922-0000,0000,LB853-272819-026,50,50,2026-07-07,2026-07-30,Assembly-1,2,1.200000,30.00,2027-01-15 11:46:00,2027-01-18 19:46:00,1,194.9,风险,固定线体,主工单,,待排产,0,50,未记录,1071.38,53569.00,,,2026-07-01 13:22:59,2026-07-01 13:22:59
81565,410,2026W27,2026-07-01,J000002922-0001,0001,LB853-037840-145-KIT,50,50,2026-07-07,2026-07-30,Line 04,4,1.050200,13.13,2026-07-30 11:34:00,2026-07-31 13:42:00,1,23.7,风险,系统自动分配,子工单,,待排产,0,50,未记录,,,,,2026-07-01 13:22:59,2026-07-01 13:22:59
81477,410,2026W27,2026-07-01,J000002922-0002,0002,LB853-048140-023-KIT,50,50,2026-07-07,2026-07-30,Line 03,4,0.206000,2.57,2026-10-12 09:08:00,2026-10-12 11:42:00,1,96.6,风险,系统自动分配,子工单,,待排产,0,50,未记录,,,,,2026-07-01 13:22:59,2026-07-01 13:22:59
81693,410,2026W27,2026-07-01,J000002922-0003,0003,LB853-244271-020-KIT,50,50,2026-07-07,2026-07-30,Line 06,4,1.170889,14.64,2026-07-30 12:15:00,2026-07-31 15:53:00,1,23.8,风险,系统自动分配,子工单,,待排产,0,50,未记录,,,,,2026-07-01 13:22:59,2026-07-01 13:22:59
81616,410,2026W27,2026-07-01,J000002922-0004,0004,LB853-278713-001-KIT,50,50,2026-07-07,2026-07-30,Line 05,4,0.260000,3.25,2026-10-15 17:49:00,2026-10-16 10:04:00,1,100.5,风险,系统自动分配,子工单,,待排产,0,50,未记录,,,,,2026-07-01 13:22:59,2026-07-01 13:22:59
81692,410,2026W27,2026-07-01,J000002922-0005,0005,LB853-278713-002-KIT,50,50,2026-07-07,2026-07-30,Line 06,4,0.260000,3.25,2026-07-30 09:00:00,2026-07-30 12:15:00,1,22.6,风险,系统自动分配,子工单,,待排产,0,50,未记录,,,,,2026-07-01 13:22:59,2026-07-01 13:22:59
81406,410,2026W27,2026-07-01,J000002922-0006,0006,LB853-107577-005-KIT,50,50,2026-07-07,2026-07-30,Line 02,4,0.500000,6.25,2026-07-30 11:31:00,2026-07-30 17:46:00,1,22.9,风险,系统自动分配,子工单,,待排产,0,50,未记录,,,,,2026-07-01 13:22:59,2026-07-01 13:22:59
81305,410,2026W27,2026-07-01,J000002922-0007,0007,LB853-007857-201-KIT,50,50,2026-07-07,2026-07-30,Line 01,4,0.201000,2.51,2027-01-13 16:45:00,2027-01-13 19:16:00,1,189.9,风险,系统自动分配,子工单,,待排产,0,50,未记录,,,,,2026-07-01 13:22:59,2026-07-01 13:22:59
81768,410,2026W27,2026-07-01,J000002923-0000,0000,03-388132-04-TEX,10,10,2026-07-07,2026-06-30,Line 07,3,0.063200,0.21,2026-07-17 19:50:00,2026-07-18 09:03:00,1,10.5,风险,系统自动跨线填充(Pass7),普通工单,,待排产,0,10,打印成功,17.36,173.60,,,2026-07-01 13:22:59,2026-07-01 13:22:59
81767,410,2026W27,2026-07-01,J000003019-0000,0000,03-388132-03-TEX,10,10,2026-07-07,2026-06-30,Line 07,3,0.063200,0.21,2026-07-17 19:37:00,2026-07-17 19:50:00,1,10.0,风险,系统自动跨线填充(Pass7),普通工单,,待排产,0,10,打印成功,17.36,173.60,,,2026-07-01 13:22:59,2026-07-01 13:22:59
81763,410,2026W27,2026-07-01,J000003021-0000,0000,03-388192-09-TEX,10,10,2026-07-07,2026-06-30,Line 07,3,0.039200,0.13,2026-07-17 18:56:00,2026-07-17 19:04:00,1,9.9,风险,系统自动跨线填充(Pass7),普通工单,,待排产,0,10,打印成功,24.36,243.60,,,2026-07-01 13:22:59,2026-07-01 13:22:59
81473,410,2026W27,2026-07-01,J000003030-0000,0000,03-389216-00-TEX,10,10,2026-07-07,2026-06-30,Line 03,4,0.136800,0.34,2026-10-10 12:56:00,2026-10-10 13:16:00,1,94.7,风险,系统自动跨线填充(Pass7),普通工单,,待排产,0,10,打印成功,32.53,325.30,,,2026-07-01 13:22:59,2026-07-01 13:22:59
81762,410,2026W27,2026-07-01,J000003034-0000,0000,03-388276-06-TEX,10,10,2026-07-07,2026-06-30,Line 07,3,0.039200,0.13,2026-07-17 18:48:00,2026-07-17 18:56:00,1,9.9,风险,系统自动跨线填充(Pass7),普通工单,,待排产,0,10,打印成功,24.36,243.60,,,2026-07-01 13:22:59,2026-07-01 13:22:59
81775,410,2026W27,2026-07-01,J000003066-0000,0000,03-376706-03-TEX,20,20,2026-07-07,2026-07-10,Line 07,3,0.070400,0.47,2026-07-20 10:42:00,2026-07-20 11:10:00,1,12.6,风险,系统自动分配,普通工单,,待排产,0,20,未记录,16.95,339.00,,,2026-07-01 13:22:59,2026-07-01 13:22:59
81560,410,2026W27,2026-07-01,J000003095-0000,0000,03-408823-00-TEX,40,40,2026-07-07,2026-06-30,Line 04,4,0.891765,8.92,2026-07-25 13:57:00,2026-07-27 14:52:00,1,19.7,风险,系统自动分配,普通工单,,待排产,0,40,打印成功,14.76,590.40,,,2026-07-01 13:22:59,2026-07-01 13:22:59
81303,410,2026W27,2026-07-01,J000003182-0000,0000,LB853-119490-671,10,10,2026-07-07,2026-07-16,Line 01,4,0.528600,1.32,2027-01-13 13:16:00,2027-01-13 14:35:00,1,189.7,风险,系统自动分配,普通工单,,待排产,0,10,打印成功,107.70,1077.00,,,2026-07-01 13:22:59,2026-07-01 13:22:59
81689,410,2026W27,2026-07-01,J000003316-0000,0000,LA853-108536-600,10,10,2026-07-07,2026-06-30,Line 06,4,0.495000,1.24,2026-07-17 15:14:00,2026-07-17 16:28:00,1,9.8,风险,系统自动跨线填充(Pass7),普通工单,,待排产,0,10,打印成功,354.21,3542.10,,,2026-07-01 13:22:59,2026-07-01 13:22:59
81297,410,2026W27,2026-07-01,J000003359-0000,0000,LA853-085632-602,10,10,2026-07-07,2026-06-30,Line 01,4,0.150600,0.38,2027-01-13 09:25:00,2027-01-13 09:48:00,1,189.5,风险,系统自动跨线填充(Pass7),普通工单,,待排产,0,10,打印成功,40.93,409.30,,,2026-07-01 13:22:59,2026-07-01 13:22:59
81471,410,2026W27,2026-07-01,J000003364-0000,0000,LA853-078492-602,10,10,2026-07-07,2026-06-30,Line 03,4,0.096556,0.24,2026-10-10 12:22:00,2026-10-10 12:36:00,1,94.7,风险,系统自动跨线填充(Pass7),普通工单,,待排产,0,10,打印成功,26.93,269.30,,,2026-07-01 13:22:59,2026-07-01 13:22:59
81309,410,2026W27,2026-07-01,J000003371-0000,0000,LB853-494146-102,2,2,2026-07-07,2029-03-26,Line 01,4,0.391100,0.20,2029-03-26 09:00:00,2029-03-26 09:12:00,1,992.5,风险,系统自动分配,普通工单,,待排产,0,2,打印成功,290.67,581.34,,,2026-07-01 13:22:59,2026-07-01 13:22:59
81304,410,2026W27,2026-07-01,J000003397-0000,0000,LB853-802360-002,50,50,2026-07-07,2026-07-20,Line 01,4,0.173861,2.17,2027-01-13 14:35:00,2027-01-13 16:45:00,1,189.8,风险,系统自动分配,普通工单,,待排产,0,50,未记录,30.73,1536.50,,,2026-07-01 13:22:59,2026-07-01 13:22:59
81260,410,2026W27,2026-07-01,J000003401-0000,0000,LB853-272819-029,15,15,2026-07-07,2026-07-06,Assembly-1,2,1.300000,9.75,2027-01-14 13:01:00,2027-01-15 11:46:00,1,191.6,风险,固定线体,主工单,,待排产,0,15,打印成功,2014.62,30219.30,,,2026-07-01 13:22:59,2026-07-01 13:22:59
81400,410,2026W27,2026-07-01,J000003401-0001,0001,LB853-075623-114-KIT,15,15,2026-07-07,2026-07-06,Line 02,4,0.737611,2.77,2026-07-15 14:09:00,2026-07-15 16:55:00,1,7.8,风险,系统自动分配,子工单,,待排产,0,15,打印成功,,,,,2026-07-01 13:22:59,2026-07-01 13:22:59
81474,410,2026W27,2026-07-01,J000003401-0002,0002,LB853-042925-013-KIT,15,15,2026-07-07,2026-07-06,Line 03,4,0.579639,2.17,2026-10-10 13:16:00,2026-10-10 15:26:00,1,94.8,风险,系统自动分配,子工单,,待排产,0,15,打印成功,,,,,2026-07-01 13:22:59,2026-07-01 13:22:59
81774,410,2026W27,2026-07-01,J000003401-0003,0003,LB853-075632-105-KIT,15,15,2026-07-07,2026-07-06,Line 07,3,0.310800,1.55,2026-07-20 09:09:00,2026-07-20 10:42:00,1,12.6,风险,系统自动分配,子工单,,待排产,0,15,打印成功,,,,,2026-07-01 13:22:59,2026-07-01 13:22:59
81475,410,2026W27,2026-07-01,J000003401-0004,0004,LB853-075574-025-KIT,15,15,2026-07-07,2026-07-06,Line 03,4,0.294861,1.11,2026-10-10 15:26:00,2026-10-10 16:33:00,1,94.8,风险,系统自动分配,子工单,,待排产,0,15,打印成功,,,,,2026-07-01 13:22:59,2026-07-01 13:22:59
81771,410,2026W27,2026-07-01,J000003401-0005,0005,LB853-075576-034-KIT,15,15,2026-07-07,2026-07-06,Line 07,3,0.301300,1.51,2026-07-18 14:15:00,2026-07-18 15:46:00,1,10.8,风险,系统自动分配,子工单,,待排产,0,15,打印成功,,,,,2026-07-01 13:22:59,2026-07-01 13:22:59
81401,410,2026W27,2026-07-01,J000003401-0006,0006,LB853-249839-003-KIT,15,15,2026-07-07,2026-07-06,Line 02,4,0.077000,0.29,2026-07-15 16:55:00,2026-07-15 17:12:00,1,7.8,风险,系统自动分配,子工单,,待排产,0,15,打印成功,,,,,2026-07-01 13:22:59,2026-07-01 13:22:59
81562,410,2026W27,2026-07-01,J000003401-0007,0007,LB853-165660-104-KIT,15,15,2026-07-07,2026-07-06,Line 04,4,0.207800,0.78,2026-07-27 15:23:00,2026-07-27 16:10:00,1,19.8,风险,系统自动分配,子工单,,待排产,0,15,打印成功,,,,,2026-07-01 13:22:59,2026-07-01 13:22:59
81772,410,2026W27,2026-07-01,J000003401-0008,0008,LB853-134796-012-KIT,15,15,2026-07-07,2026-07-06,Line 07,3,0.110300,0.55,2026-07-18 15:46:00,2026-07-18 16:19:00,1,10.8,风险,系统自动分配,子工单,,待排产,0,15,打印成功,,,,,2026-07-01 13:22:59,2026-07-01 13:22:59
81773,410,2026W27,2026-07-01,J000003401-0009,0009,LB853-039272-012-KIT,15,15,2026-07-07,2026-07-06,Line 07,3,0.166800,0.83,2026-07-18 16:19:00,2026-07-20 09:09:00,1,12.5,风险,系统自动分配,子工单,,待排产,0,15,打印成功,,,,,2026-07-01 13:22:59,2026-07-01 13:22:59
81301,410,2026W27,2026-07-01,J000003401-0010,0010,LB853-106414-014-KIT,15,15,2026-07-07,2026-07-06,Line 01,4,0.482800,1.81,2027-01-13 11:12:00,2027-01-13 13:01:00,1,189.7,风险,系统自动分配,子工单,,待排产,0,15,打印成功,,,,,2026-07-01 13:22:59,2026-07-01 13:22:59
81403,410,2026W27,2026-07-01,J000003401-0011,0011,LB853-273534-021-KIT,15,15,2026-07-07,2026-07-06,Line 02,4,0.197400,0.74,2026-07-15 17:35:00,2026-07-15 18:19:00,1,7.9,风险,系统自动分配,子工单,,待排产,0,15,打印成功,,,,,2026-07-01 13:22:59,2026-07-01 13:22:59
81561,410,2026W27,2026-07-01,J000003401-0012,0012,LB853-149424-124-KIT,15,15,2026-07-07,2026-07-06,Line 04,4,0.137500,0.52,2026-07-27 14:52:00,2026-07-27 15:23:00,1,19.8,风险,系统自动分配,子工单,,待排产,0,15,打印成功,,,,,2026-07-01 13:22:59,2026-07-01 13:22:59
81299,410,2026W27,2026-07-01,J000003401-0013,0013,LB853-149424-127-KIT,15,15,2026-07-07,2026-07-06,Line 01,4,0.137500,0.52,2027-01-13 10:11:00,2027-01-13 10:42:00,1,189.6,风险,系统自动分配,子工单,,待排产,0,15,打印成功,,,,,2026-07-01 13:22:59,2026-07-01 13:22:59
81402,410,2026W27,2026-07-01,J000003401-0014,0014,LB853-273206-005-KIT,15,15,2026-07-07,2026-07-06,Line 02,4,0.103583,0.39,2026-07-15 17:12:00,2026-07-15 17:35:00,1,7.9,风险,系统自动分配,子工单,,待排产,0,15,打印成功,,,,,2026-07-01 13:22:59,2026-07-01 13:22:59
81691,410,2026W27,2026-07-01,J000003401-0015,0015,LB853-149424-130-KIT,15,15,2026-07-07,2026-07-06,Line 06,4,0.095944,0.36,2026-07-17 16:35:00,2026-07-17 16:57:00,1,9.8,风险,系统自动分配,子工单,,待排产,0,15,打印成功,,,,,2026-07-01 13:22:59,2026-07-01 13:22:59
81300,410,2026W27,2026-07-01,J000003401-0016,0016,LB853-149424-128-KIT,15,15,2026-07-07,2026-07-06,Line 01,4,0.134400,0.50,2027-01-13 10:42:00,2027-01-13 11:12:00,1,189.6,风险,系统自动分配,子工单,,待排产,0,15,打印成功,,,,,2026-07-01 13:22:59,2026-07-01 13:22:59
81479,410,2026W27,2026-07-01,J000003403-0000,0000,LA853-024241-016,10,10,2026-07-07,2026-10-15,Line 03,4,0.201317,0.50,2026-10-15 09:00:00,2026-10-15 09:30:00,1,99.5,风险,系统自动分配,普通工单,,待排产,0,10,打印成功,274.57,2745.70,,,2026-07-01 13:22:59,2026-07-01 13:22:59
81559,410,2026W27,2026-07-01,J000003411-0000,0000,LA833-073765-096,50,50,2026-07-07,2026-06-30,Line 04,4,0.115500,1.44,2026-07-25 12:31:00,2026-07-25 13:57:00,1,17.7,风险,系统自动分配,普通工单,,待排产,0,50,打印成功,11.38,569.00,,,2026-07-01 13:22:59,2026-07-01 13:22:59
81563,410,2026W27,2026-07-01,J000003412-0000,0000,LB853-A16754-011,5,5,2026-07-07,2026-07-10,Line 04,4,0.092850,0.12,2026-07-27 16:10:00,2026-07-27 16:17:00,1,19.8,风险,系统自动分配,普通工单,,待排产,0,5,打印成功,265.80,1329.00,,,2026-07-01 13:22:59,2026-07-01 13:22:59
81615,410,2026W27,2026-07-01,J000003415-0000,0000,LB833-004563-007,100,100,2026-07-07,2026-07-13,Line 05,4,0.092244,2.31,2026-10-15 15:30:00,2026-10-15 17:49:00,1,99.9,风险,系统自动分配,普通工单,,待排产,0,100,未记录,15.89,1589.00,,,2026-07-01 13:22:59,2026-07-01 13:22:59
81613,410,2026W27,2026-07-01,J000003417-0000,0000,LA853-258505-001,10,10,2026-07-07,2026-07-03,Line 05,4,0.046800,0.12,2026-10-15 15:16:00,2026-10-15 15:23:00,1,99.8,风险,系统自动分配,普通工单,,待排产,0,10,未记录,32.54,325.40,,,2026-07-01 13:22:59,2026-07-01 13:22:59
81614,410,2026W27,2026-07-01,J000003418-0000,0000,LA853-258509-001,10,10,2026-07-07,2026-07-03,Line 05,4,0.046800,0.12,2026-10-15 15:23:00,2026-10-15 15:30:00,1,99.8,风险,系统自动分配,普通工单,,待排产,0,10,未记录,32.54,325.40,,,2026-07-01 13:22:59,2026-07-01 13:22:59
81690,410,2026W27,2026-07-01,J000003419-0000,0000,LA853-258511-001,10,10,2026-07-07,2026-07-03,Line 06,4,0.046800,0.12,2026-07-17 16:28:00,2026-07-17 16:35:00,1,9.8,风险,系统自动分配,普通工单,,待排产,0,10,未记录,32.54,325.40,,,2026-07-01 13:22:59,2026-07-01 13:22:59
81262,410,2026W27,2026-07-01,J000003421-0000,0000,LB853-272819-026,50,50,2026-07-07,2026-07-30,Assembly-1,2,1.200000,30.00,2027-01-18 19:46:00,2027-01-21 16:46:00,1,197.8,风险,固定线体,主工单,,待排产,0,50,未记录,1071.38,53569.00,,,2026-07-01 13:22:59,2026-07-01 13:22:59
81617,410,2026W27,2026-07-01,J000003421-0001,0001,LB853-037840-145-KIT,50,50,2026-07-07,2026-07-30,Line 05,4,1.050200,13.13,2026-10-16 10:04:00,2026-10-17 12:12:00,1,101.6,风险,系统自动分配,子工单,,待排产,0,50,未记录,,,,,2026-07-01 13:22:59,2026-07-01 13:22:59
81564,410,2026W27,2026-07-01,J000003421-0002,0002,LB853-048140-023-KIT,50,50,2026-07-07,2026-07-30,Line 04,4,0.206000,2.57,2026-07-30 09:00:00,2026-07-30 11:34:00,1,22.6,风险,系统自动分配,子工单,,待排产,0,50,未记录,,,,,2026-07-01 13:22:59,2026-07-01 13:22:59
81777,410,2026W27,2026-07-01,J000003421-0003,0003,LB853-244271-020-KIT,50,50,2026-07-07,2026-07-30,Line 07,3,1.170889,19.51,2026-07-30 13:20:00,2026-08-01 10:51:00,1,24.6,风险,系统自动分配,子工单,,待排产,0,50,未记录,,,,,2026-07-01 13:22:59,2026-07-01 13:22:59
81776,410,2026W27,2026-07-01,J000003421-0004,0004,LB853-278713-001-KIT,50,50,2026-07-07,2026-07-30,Line 07,3,0.260000,4.33,2026-07-30 09:00:00,2026-07-30 13:20:00,1,22.7,风险,系统自动分配,子工单,,待排产,0,50,未记录,,,,,2026-07-01 13:22:59,2026-07-01 13:22:59
81306,410,2026W27,2026-07-01,J000003421-0005,0005,LB853-278713-002-KIT,50,50,2026-07-07,2026-07-30,Line 01,4,0.260000,3.25,2027-01-13 19:16:00,2027-01-14 11:31:00,1,190.6,风险,系统自动分配,子工单,,待排产,0,50,未记录,,,,,2026-07-01 13:22:59,2026-07-01 13:22:59
81478,410,2026W27,2026-07-01,J000003421-0006,0006,LB853-107577-005-KIT,50,50,2026-07-07,2026-07-30,Line 03,4,0.500000,6.25,2026-10-12 11:42:00,2026-10-12 17:57:00,1,96.9,风险,系统自动分配,子工单,,待排产,0,50,未记录,,,,,2026-07-01 13:22:59,2026-07-01 13:22:59
81405,410,2026W27,2026-07-01,J000003421-0007,0007,LB853-007857-201-KIT,50,50,2026-07-07,2026-07-30,Line 02,4,0.201000,2.51,2026-07-30 09:00:00,2026-07-30 11:31:00,1,22.6,风险,系统自动分配,子工单,,待排产,0,50,未记录,,,,,2026-07-01 13:22:59,2026-07-01 13:22:59
81808,410,2026W27,2026-07-01,J000003425-0000,0000,LB833-802208-007,7,7,2026-07-07,2026-07-13,,0,,0.00,2026-07-01 00:00:00,2026-07-01 00:00:00,0,0.0,,,普通工单,缺单根时间,待排产,0,7,未记录,22.88,160.16,,,2026-07-01 13:22:59,2026-07-01 13:22:59
81404,410,2026W27,2026-07-01,J000003441-0000,0000,LA853-258819-001,10,10,2026-07-07,2026-07-10,Line 02,4,0.278100,0.70,2026-07-15 18:19:00,2026-07-15 19:01:00,1,7.9,风险,系统自动分配,普通工单,,待排产,0,10,未记录,13.24,132.40,,,2026-07-01 13:22:59,2026-07-01 13:22:59
81407,410,2026W27,2026-07-01,J000003450-0000,0000,LA683-109075-053,100,100,2026-07-07,2026-09-25,Line 02,4,0.531667,13.29,2026-09-28 09:00:00,2026-09-29 11:17:00,1,83.6,风险,系统自动分配,普通工单,,待排产,0,100,未记录,126.48,12648.00,,,2026-07-01 13:22:59,2026-07-01 13:22:59
81302,410,2026W27,2026-07-01,J000003454-0000,0000,LB853-186372-483,30,30,2026-07-07,2026-07-10,Line 01,4,0.033600,0.25,2027-01-13 13:01:00,2027-01-13 13:16:00,1,189.7,风险,系统自动分配,普通工单,,待排产,0,30,未记录,13.52,405.60,,,2026-07-01 13:22:59,2026-07-01 13:22:59
81770,410,2026W27,2026-07-01,J000003455-0000,0000,853-A78757-001-ICH,3,3,2026-07-07,2026-07-06,Line 07,3,0.844235,0.84,2026-07-18 13:25:00,2026-07-18 14:15:00,1,10.7,风险,系统自动分配,普通工单,,待排产,0,3,未记录,135.99,407.97,,,2026-07-01 13:22:59,2026-07-01 13:22:59
81761,410,2026W27,2026-07-01,J000003471-0000,0000,03-341734-02-ICH,4,4,2026-07-07,2026-06-30,Line 07,3,0.076000,0.10,2026-07-17 18:42:00,2026-07-17 18:48:00,1,9.9,风险,系统自动跨线填充(Pass7),普通工单,,待排产,0,4,未记录,16.27,65.08,,,2026-07-01 13:22:59,2026-07-01 13:22:59
81688,410,2026W27,2026-07-01,PA00000988-0000,0000,853-267001-301-PLS,28,28,2026-07-07,2026-06-30,Line 06,4,0.150400,1.05,2026-07-17 14:11:00,2026-07-17 15:14:00,1,9.8,风险,系统自动跨线填充(Pass7),普通工单,,待排产,0,28,打印成功,29.92,837.76,,,2026-07-01 13:22:59,2026-07-01 13:22:59
81298,410,2026W27,2026-07-01,PA00000995-0000,0000,LB853-A02145-001,7,7,2026-07-07,,Line 01,4,0.224600,0.39,2027-01-13 09:48:00,2027-01-13 10:11:00,1,189.5,风险,系统自动跨线填充(Pass7),普通工单,,待排产,0,7,打印成功,24.80,173.60,,,2026-07-01 13:22:59,2026-07-01 13:22:59
81476,410,2026W27,2026-07-01,PA00001007-0000,0000,LB853-A02144-001,7,7,2026-07-07,2026-07-06,Line 03,4,0.331300,0.58,2026-10-10 16:33:00,2026-10-12 09:08:00,1,96.5,风险,系统自动分配,普通工单,,待排产,0,7,打印成功,42.50,297.50,,,2026-07-01 13:22:59,2026-07-01 13:22:59
81809,410,2026W27,2026-07-01,PA00001011-0000,0000,LB853-213236-006,47,47,2026-07-07,2027-12-22,,0,,0.00,2026-07-01 00:00:00,2026-07-01 00:00:00,0,0.0,,,普通工单,缺单根时间,待排产,0,47,打印成功,15.77,741.19,,,2026-07-01 13:22:59,2026-07-01 13:22:59
81765,410,2026W27,2026-07-01,PA00001012-0000,0000,03-453060-03-TEX,10,10,2026-07-07,2026-06-30,Line 07,3,0.047200,0.16,2026-07-17 19:14:00,2026-07-17 19:24:00,1,9.9,风险,系统自动跨线填充(Pass7),普通工单,,待排产,0,10,打印成功,24.89,248.90,,,2026-07-01 13:22:59,2026-07-01 13:22:59
81296,410,2026W27,2026-07-01,PA00001013-0000,0000,853-A42095-001-TEX,10,10,2026-07-07,2026-06-30,Line 01,4,0.108800,0.27,2027-01-13 09:09:00,2027-01-13 09:25:00,1,189.5,风险,系统自动跨线填充(Pass7),普通工单,,待排产,0,10,打印成功,48.47,484.70,,,2026-07-01 13:22:59,2026-07-01 13:22:59
81472,410,2026W27,2026-07-01,PA00001015-0000,0000,03-389216-00-TEX,10,10,2026-07-07,2026-06-30,Line 03,4,0.136800,0.34,2026-10-10 12:36:00,2026-10-10 12:56:00,1,94.7,风险,系统自动跨线填充(Pass7),普通工单,,待排产,0,10,打印成功,32.53,325.30,,,2026-07-01 13:22:59,2026-07-01 13:22:59
81764,410,2026W27,2026-07-01,PA00001021-0000,0000,03-453060-06-TEX,10,10,2026-07-07,2026-06-30,Line 07,3,0.047200,0.16,2026-07-17 19:04:00,2026-07-17 19:14:00,1,9.9,风险,系统自动跨线填充(Pass7),普通工单,,待排产,0,10,打印成功,24.89,248.90,,,2026-07-01 13:22:59,2026-07-01 13:22:59
81481,410,2026W27,2026-07-01,J000002778-0000,0000,03-382157-01-TEX,10,10,2026-07-08,2026-06-30,Line 03,4,0.133600,0.33,2027-01-08 15:55:00,2027-01-08 16:15:00,1,183.8,风险,系统自动跨线填充(Pass7),普通工单,,待排产,0,10,打印成功,46.23,462.30,,,2026-07-01 13:22:59,2026-07-01 13:22:59
81566,410,2026W27,2026-07-01,J000003352-0000,0000,LA853-258582-001,10,10,2026-07-08,2026-06-30,Line 04,4,0.290278,0.73,2026-07-31 13:42:00,2026-07-31 14:26:00,1,22.7,风险,系统自动跨线填充(Pass7),普通工单,,待排产,0,10,打印成功,10.50,105.00,,,2026-07-01 13:22:59,2026-07-01 13:22:59
81567,410,2026W27,2026-07-01,J000002188-0000,0000,0090-04665-ICH,2,2,2026-07-09,2026-07-10,Line 04,4,0.078400,0.04,2026-07-31 14:26:00,2026-07-31 14:28:00,1,21.7,风险,系统自动分配,普通工单,,待排产,0,2,打印成功,168.16,336.32,,,2026-07-01 13:22:59,2026-07-01 13:22:59
81482,410,2026W27,2026-07-01,J000002428-0000,0000,0140-32873-ICH,1,1,2026-07-09,,Line 03,4,3.962500,0.99,2027-01-08 16:15:00,2027-01-08 17:14:00,1,182.8,风险,系统自动分配,普通工单,,待排产,0,1,打印成功,743.60,743.60,,,2026-07-01 13:22:59,2026-07-01 13:22:59
81694,410,2026W27,2026-07-01,J000002429-0000,0000,0140-32873-ICH,3,3,2026-07-09,,Line 06,4,3.962500,2.97,2026-07-31 15:53:00,2026-07-31 18:51:00,1,21.9,风险,系统自动跨线填充(Pass7),普通工单,,待排产,0,3,打印成功,743.60,2230.80,,,2026-07-01 13:22:59,2026-07-01 13:22:59
81311,410,2026W27,2026-07-01,J000002841-0000,0000,0140-32873-ICH,1,1,2026-07-09,2026-08-10,Line 01,4,3.962500,0.99,2029-03-26 09:35:00,2029-03-26 10:34:00,1,990.6,风险,系统自动分配,普通工单,,待排产,0,1,打印成功,743.60,743.60,,,2026-07-01 13:22:59,2026-07-01 13:22:59
81483,410,2026W27,2026-07-01,J000003468-0000,0000,0150-28768,28,28,2026-07-09,2026-06-30,Line 03,4,0.054641,0.38,2027-01-08 17:14:00,2027-01-08 17:37:00,1,182.9,风险,系统自动跨线填充(Pass7),普通工单,,待排产,0,28,打印成功,50.00,1400.00,,,2026-07-01 13:22:59,2026-07-01 13:22:59
81619,410,2026W27,2026-07-01,J000003470-0000,0000,0140-39369-ICH,20,20,2026-07-09,2026-07-15,Line 05,4,0.298800,1.49,2027-01-08 11:10:00,2027-01-08 12:39:00,1,182.7,风险,系统自动分配,普通工单,,待排产,0,20,未记录,30.47,609.40,,,2026-07-01 13:22:59,2026-07-01 13:22:59
81780,410,2026W27,2026-07-01,J000003476-0000,0000,0140-88166,10,10,2026-07-09,2026-06-30,Line 07,3,0.070300,0.23,2026-08-01 10:55:00,2026-08-01 11:09:00,1,22.6,风险,系统自动跨线填充(Pass7),普通工单,,待排产,0,10,打印成功,17.89,178.90,,,2026-07-01 13:22:59,2026-07-01 13:22:59
81778,410,2026W27,2026-07-01,J000003482-0000,0000,0150-44216-ICH,10,10,2026-07-09,2026-06-30,Line 07,3,0.011000,0.04,2026-08-01 10:51:00,2026-08-01 10:53:00,1,22.6,风险,系统自动跨线填充(Pass7),普通工单,,待排产,0,10,打印成功,8.28,82.80,,,2026-07-01 13:22:59,2026-07-01 13:22:59
81779,410,2026W27,2026-07-01,J000003483-0000,0000,0150-44216-ICH,10,10,2026-07-09,2026-06-30,Line 07,3,0.011000,0.04,2026-08-01 10:53:00,2026-08-01 10:55:00,1,22.6,风险,系统自动跨线填充(Pass7),普通工单,,待排产,0,10,打印成功,8.28,82.80,,,2026-07-01 13:22:59,2026-07-01 13:22:59
81484,410,2026W27,2026-07-01,J000003489-0000,0000,853-188261-012-ICH,1,1,2026-07-09,2026-07-06,Line 03,4,0.089600,0.02,2027-01-08 17:37:00,2027-01-08 17:38:00,1,182.9,风险,系统自动分配,普通工单,,待排产,0,1,未记录,20.29,20.29,,,2026-07-01 13:22:59,2026-07-01 13:22:59
81696,410,2026W27,2026-07-01,J000003491-0000,0000,853-188261-013-ICH,1,1,2026-07-09,2026-07-06,Line 06,4,0.089600,0.02,2026-07-31 18:52:00,2026-07-31 18:53:00,1,21.9,风险,系统自动分配,普通工单,,待排产,0,1,未记录,20.29,20.29,,,2026-07-01 13:22:59,2026-07-01 13:22:59
81695,410,2026W27,2026-07-01,J000003493-0000,0000,853-188261-006-ICH,1,1,2026-07-09,2026-07-06,Line 06,4,0.096000,0.02,2026-07-31 18:51:00,2026-07-31 18:52:00,1,21.9,风险,系统自动分配,普通工单,,待排产,0,1,未记录,20.29,20.29,,,2026-07-01 13:22:59,2026-07-01 13:22:59
81310,410,2026W27,2026-07-01,J000003498-0000,0000,853-329179-002-ICH,5,5,2026-07-09,,Line 01,4,0.301600,0.38,2029-03-26 09:12:00,2029-03-26 09:35:00,1,990.5,风险,系统自动跨线填充(Pass7),普通工单,,待排产,0,5,打印成功,14.44,72.20,,,2026-07-01 13:22:59,2026-07-01 13:22:59
81409,410,2026W27,2026-07-01,J000002552-0000,0000,LB833-800999-095,100,100,2026-07-10,2026-06-30,Line 02,4,0.204000,5.10,2027-01-08 11:59:00,2027-01-08 17:05:00,1,181.8,风险,系统自动跨线填充(Pass7),普通工单,,待排产,0,100,打印成功,4.53,453.00,,,2026-07-01 13:22:59,2026-07-01 13:22:59
81315,410,2026W27,2026-07-01,J000003075-0000,0000,03-376706-22-TEX,20,20,2026-07-10,2026-07-10,Line 01,4,0.070400,0.35,2029-03-26 11:14:00,2029-03-26 11:35:00,1,989.6,风险,系统自动分配,普通工单,,待排产,0,20,未记录,20.16,403.20,,,2026-07-01 13:22:59,2026-07-01 13:22:59
81312,410,2026W27,2026-07-01,J000003361-0000,0000,LA853-078492-602,10,10,2026-07-10,2026-06-30,Line 01,4,0.096556,0.24,2029-03-26 10:34:00,2029-03-26 10:48:00,1,989.6,风险,系统自动跨线填充(Pass7),普通工单,,待排产,0,10,打印成功,26.93,269.30,,,2026-07-01 13:22:59,2026-07-01 13:22:59
81698,410,2026W27,2026-07-01,J000003431-0000,0000,853-016825-005-PLS,100,100,2026-07-10,2026-07-13,Line 06,4,0.664000,16.60,2026-08-01 10:16:00,2026-08-03 18:52:00,1,23.9,风险,系统自动分配,普通工单,,待排产,0,100,未记录,55.91,5591.00,,,2026-07-01 13:22:59,2026-07-01 13:22:59
81568,410,2026W27,2026-07-01,J000003451-0000,0000,833-073765-616-TEX,5,5,2026-07-10,2026-06-30,Line 04,4,0.130400,0.16,2026-07-31 14:28:00,2026-07-31 14:38:00,1,20.7,风险,系统自动分配,普通工单,,待排产,0,5,未记录,80.00,400.00,,,2026-07-01 13:22:59,2026-07-01 13:22:59
81620,410,2026W27,2026-07-01,J000003452-0000,0000,833-237853-028-TEX,5,5,2026-07-10,2026-06-30,Line 05,4,0.144800,0.18,2027-01-08 12:39:00,2027-01-08 12:50:00,1,181.7,风险,系统自动分配,普通工单,,待排产,0,5,未记录,80.00,400.00,,,2026-07-01 13:22:59,2026-07-01 13:22:59
81313,410,2026W27,2026-07-01,J000003453-0000,0000,853-A29181-001-TEX,5,5,2026-07-10,2026-07-02,Line 01,4,0.296800,0.37,2029-03-26 10:48:00,2029-03-26 11:10:00,1,989.6,风险,系统自动分配,普通工单,,待排产,0,5,未记录,113.23,566.15,,,2026-07-01 13:22:59,2026-07-01 13:22:59
81810,410,2026W27,2026-07-01,PA00001025-0000,0000,853-282223-002-TEX,10,10,2026-07-10,2026-07-13,,0,,0.00,2026-07-01 00:00:00,2026-07-01 00:00:00,0,0.0,,,普通工单,缺单根时间,待排产,0,10,打印成功,70.75,707.50,,,2026-07-01 13:22:59,2026-07-01 13:22:59
81621,410,2026W27,2026-07-01,PA00001029-0000,0000,03-376706-21-TEX,10,10,2026-07-10,2026-07-10,Line 05,4,0.070400,0.18,2027-01-08 12:50:00,2027-01-08 13:01:00,1,181.7,风险,系统自动分配,普通工单,,待排产,0,10,未记录,20.16,201.60,,,2026-07-01 13:22:59,2026-07-01 13:22:59
81314,410,2026W27,2026-07-01,PA00001031-0000,0000,833-A42103-100-TEX,10,10,2026-07-10,2026-07-10,Line 01,4,0.028800,0.07,2029-03-26 11:10:00,2029-03-26 11:14:00,1,989.6,风险,系统自动分配,普通工单,,待排产,0,10,未记录,17.69,176.90,,,2026-07-01 13:22:59,2026-07-01 13:22:59
81569,410,2026W27,2026-07-01,PA00001034-0000,0000,833-A42103-106-TEX,10,10,2026-07-10,2026-07-10,Line 04,4,0.039200,0.10,2026-07-31 14:38:00,2026-07-31 14:44:00,1,20.7,风险,系统自动分配,普通工单,,待排产,0,10,未记录,17.95,179.50,,,2026-07-01 13:22:59,2026-07-01 13:22:59
81811,410,2026W27,2026-07-01,PA00001048-0000,0000,0150-15090-JAB,30,30,2026-07-10,2026-07-16,,0,,0.00,2026-07-01 00:00:00,2026-07-01 00:00:00,0,0.0,,,普通工单,缺单根时间,待排产,0,30,未记录,27.83,834.90,,,2026-07-01 13:22:59,2026-07-01 13:22:59
81697,410,2026W27,2026-07-01,PA00001050-0000,0000,E16144400,25,25,2026-07-10,2026-07-02,Line 06,4,0.380000,2.38,2026-07-31 18:53:00,2026-08-01 10:16:00,1,21.6,风险,系统自动分配,普通工单,,待排产,0,25,未记录,39.23,980.75,,,2026-07-01 13:22:59,2026-07-01 13:22:59
81316,410,2026W27,2026-07-01,PA00001051-0000,0000,853-270129-003-TEX,5,5,2026-07-10,2026-07-15,Line 01,4,0.241400,0.30,2029-03-26 11:35:00,2029-03-26 11:53:00,1,989.6,风险,系统自动分配,普通工单,,待排产,0,5,未记录,124.90,624.50,,,2026-07-01 13:22:59,2026-07-01 13:22:59
81410,410,2026W27,2026-07-01,J000002939-0000,0000,03-388135-08-TEX,10,10,2026-07-13,2026-07-10,Line 02,4,0.039200,0.10,2027-01-08 17:05:00,2027-01-08 17:11:00,1,178.8,风险,系统自动分配,普通工单,,待排产,0,10,未记录,33.97,339.70,,,2026-07-01 13:22:59,2026-07-01 13:22:59
81571,410,2026W27,2026-07-01,J000003408-0000,0000,LA683-118130-094,50,50,2026-07-13,2026-07-14,Line 04,4,0.262794,3.28,2026-07-31 15:04:00,2026-07-31 18:21:00,1,17.9,风险,系统自动分配,普通工单,,待排产,0,50,未记录,68.44,3422.00,,,2026-07-01 13:22:59,2026-07-01 13:22:59
81570,410,2026W27,2026-07-01,J000003447-0000,0000,833-073765-616-TEX,10,10,2026-07-13,2026-06-30,Line 04,4,0.130400,0.33,2026-07-31 14:44:00,2026-07-31 15:04:00,1,17.8,风险,系统自动分配,普通工单,,待排产,0,10,未记录,7.66,76.60,,,2026-07-01 13:22:59,2026-07-01 13:22:59
81622,410,2026W27,2026-07-01,J000003448-0000,0000,833-237853-028-TEX,10,10,2026-07-13,2026-06-30,Line 05,4,0.144800,0.36,2027-01-08 13:01:00,2027-01-08 13:23:00,1,178.7,风险,系统自动分配,普通工单,,待排产,0,10,未记录,9.33,93.30,,,2026-07-01 13:22:59,2026-07-01 13:22:59
81317,410,2026W27,2026-07-01,J000003029-0000,0000,853-251238-002-TEX,10,10,2026-07-14,2026-07-15,Line 01,4,0.259200,0.65,2029-03-26 11:53:00,2029-03-26 12:32:00,1,985.6,风险,系统自动分配,普通工单,,待排产,0,10,打印成功,32.99,329.90,,,2026-07-01 13:22:59,2026-07-01 13:22:59
81572,410,2026W27,2026-07-01,J000003440-0000,0000,LB853-247147-001,300,300,2026-07-14,2026-07-10,Line 04,4,0.067200,5.04,2026-07-31 18:21:00,2026-08-01 12:23:00,1,17.6,风险,系统自动分配,普通工单,,待排产,0,300,未记录,5.94,1782.00,,,2026-07-01 13:22:59,2026-07-01 13:22:59
81699,410,2026W27,2026-07-01,J000003458-0000,0000,0150-52879,10,10,2026-07-14,2026-06-30,Line 06,4,0.189400,0.47,2026-08-03 18:52:00,2026-08-03 19:20:00,1,19.9,风险,系统自动分配,普通工单,,待排产,0,10,未记录,42.14,421.40,,,2026-07-01 13:22:59,2026-07-01 13:22:59
81623,410,2026W27,2026-07-01,J000003465-0000,0000,0090-06030-ICH,14,14,2026-07-14,2026-07-13,Line 05,4,0.016800,0.06,2027-01-08 13:23:00,2027-01-08 13:27:00,1,177.7,风险,系统自动分配,普通工单,,待排产,0,14,未记录,1051.30,14718.20,,,2026-07-01 13:22:59,2026-07-01 13:22:59
81486,410,2026W27,2026-07-01,J000002147-0000,0000,0140-32873-ICH,1,1,2026-07-16,2026-08-10,Line 03,4,3.962500,0.99,2027-01-09 09:55:00,2027-01-09 10:54:00,1,176.6,风险,系统自动分配,普通工单,,待排产,0,1,打印成功,909.32,909.32,,,2026-07-01 13:22:59,2026-07-01 13:22:59
81627,410,2026W27,2026-07-01,J000002148-0000,0000,0140-32873-ICH,3,3,2026-07-16,2026-08-10,Line 05,4,3.962500,2.97,2027-01-08 13:43:00,2027-01-08 16:41:00,1,175.8,风险,系统自动分配,普通工单,,待排产,0,3,打印成功,909.32,2727.96,,,2026-07-01 13:22:59,2026-07-01 13:22:59
81575,410,2026W27,2026-07-01,J000002149-0000,0000,0140-32873-ICH,3,3,2026-07-16,2026-08-10,Line 04,4,3.962500,2.97,2026-08-10 09:00:00,2026-08-10 11:58:00,1,24.6,风险,系统自动分配,普通工单,,待排产,0,3,打印成功,909.32,2727.96,,,2026-07-01 13:22:59,2026-07-01 13:22:59
81782,410,2026W27,2026-07-01,J000002842-0000,0000,0150-27256-ICH,4,4,2026-07-16,2026-06-30,Line 07,3,0.047200,0.06,2026-08-01 11:11:00,2026-08-01 11:15:00,1,15.6,风险,系统自动跨线填充(Pass7),普通工单,,待排产,0,4,打印成功,70.85,283.40,,,2026-07-01 13:22:59,2026-07-01 13:22:59
81784,410,2026W27,2026-07-01,J000003378-0000,0000,853-256855-001-ICH,2,2,2026-07-16,2026-06-30,Line 07,3,0.110400,0.07,2026-08-01 11:19:00,2026-08-01 11:23:00,1,15.6,风险,系统自动跨线填充(Pass7),普通工单,,待排产,0,2,打印成功,6.51,13.02,,,2026-07-01 13:22:59,2026-07-01 13:22:59
81783,410,2026W27,2026-07-01,J000003381-0000,0000,853-A75961-001-ICH,3,3,2026-07-16,2026-06-30,Line 07,3,0.070400,0.07,2026-08-01 11:15:00,2026-08-01 11:19:00,1,15.6,风险,系统自动跨线填充(Pass7),普通工单,,待排产,0,3,打印成功,32.00,96.00,,,2026-07-01 13:22:59,2026-07-01 13:22:59
81485,410,2026W27,2026-07-01,J000003410-0000,0000,LA683-118130-094,50,50,2026-07-16,2026-07-14,Line 03,4,0.262794,3.28,2027-01-08 17:38:00,2027-01-09 09:55:00,1,176.5,风险,系统自动分配,普通工单,,待排产,0,50,未记录,68.44,3422.00,,,2026-07-01 13:22:59,2026-07-01 13:22:59
81700,410,2026W27,2026-07-01,J000003456-0000,0000,0150-52879,29,29,2026-07-16,2026-07-10,Line 06,4,0.189400,1.37,2026-08-03 19:20:00,2026-08-04 09:42:00,1,18.5,风险,系统自动分配,普通工单,,待排产,0,29,未记录,42.14,1222.06,,,2026-07-01 13:22:59,2026-07-01 13:22:59
81574,410,2026W27,2026-07-01,J000003457-0000,0000,0150-52879,10,10,2026-07-16,2026-07-10,Line 04,4,0.189400,0.47,2026-08-01 13:10:00,2026-08-01 13:38:00,1,15.7,风险,系统自动分配,普通工单,,待排产,0,10,未记录,42.14,421.40,,,2026-07-01 13:22:59,2026-07-01 13:22:59
81573,410,2026W27,2026-07-01,J000003459-0000,0000,0150-62943,25,25,2026-07-16,2026-06-30,Line 04,4,0.124100,0.78,2026-08-01 12:23:00,2026-08-01 13:10:00,1,15.7,风险,系统自动跨线填充(Pass7),普通工单,,待排产,0,25,打印成功,18.78,469.50,,,2026-07-01 13:22:59,2026-07-01 13:22:59
81411,410,2026W27,2026-07-01,J000003462-0000,0000,0150-37934-ICH,3,3,2026-07-16,2026-07-10,Line 02,4,0.116000,0.09,2027-01-08 17:11:00,2027-01-08 17:16:00,1,175.8,风险,系统自动分配,普通工单,,待排产,0,3,未记录,10.77,32.31,,,2026-07-01 13:22:59,2026-07-01 13:22:59
81320,410,2026W27,2026-07-01,J000003472-0000,0000,853-188261-002-ICH,1,1,2026-07-16,2026-07-06,Line 01,4,0.096000,0.02,2029-03-26 13:07:00,2029-03-26 13:08:00,1,983.7,风险,系统自动分配,普通工单,,待排产,0,1,未记录,20.16,20.16,,,2026-07-01 13:22:59,2026-07-01 13:22:59
81318,410,2026W27,2026-07-01,J000003477-0000,0000,0140-88275,10,10,2026-07-16,2026-06-30,Line 01,4,0.079400,0.20,2029-03-26 12:32:00,2029-03-26 12:44:00,1,983.7,风险,系统自动跨线填充(Pass7),普通工单,,待排产,0,10,打印成功,21.02,210.20,,,2026-07-01 13:22:59,2026-07-01 13:22:59
81781,410,2026W27,2026-07-01,J000003479-0000,0000,0090-09880,16,16,2026-07-16,2026-06-30,Line 07,3,0.005500,0.03,2026-08-01 11:09:00,2026-08-01 11:11:00,1,15.6,风险,系统自动跨线填充(Pass7),普通工单,,待排产,0,16,打印成功,11.89,190.24,,,2026-07-01 13:22:59,2026-07-01 13:22:59
81624,410,2026W27,2026-07-01,J000003480-0000,0000,0140-46463-ICH,2,2,2026-07-16,2026-06-30,Line 05,4,0.364000,0.18,2027-01-08 13:27:00,2027-01-08 13:38:00,1,175.7,风险,系统自动分配,普通工单,,待排产,0,2,打印成功,57.85,115.70,,,2026-07-01 13:22:59,2026-07-01 13:22:59
81319,410,2026W27,2026-07-01,J000003494-0000,0000,0720-03743,89,89,2026-07-16,2026-06-30,Line 01,4,0.017647,0.39,2029-03-26 12:44:00,2029-03-26 13:07:00,1,983.7,风险,系统自动跨线填充(Pass7),普通工单,,待排产,0,89,打印成功,18.79,1672.31,,,2026-07-01 13:22:59,2026-07-01 13:22:59
81625,410,2026W27,2026-07-01,J000003501-0000,0000,0150-27256-ICH,3,3,2026-07-16,2026-07-13,Line 05,4,0.047200,0.04,2027-01-08 13:38:00,2027-01-08 13:40:00,1,175.7,风险,系统自动分配,普通工单,,待排产,0,3,未记录,70.85,212.55,,,2026-07-01 13:22:59,2026-07-01 13:22:59
81626,410,2026W27,2026-07-01,J000003510-0000,0000,0150-27256-ICH,4,4,2026-07-16,2026-07-13,Line 05,4,0.047200,0.05,2027-01-08 13:40:00,2027-01-08 13:43:00,1,175.7,风险,系统自动分配,普通工单,,待排产,0,4,未记录,70.85,283.40,,,2026-07-01 13:22:59,2026-07-01 13:22:59
81412,410,2026W27,2026-07-01,J000002803-0000,0000,03-382157-01-TEX,10,10,2026-07-17,2026-07-10,Line 02,4,0.133600,0.33,2027-01-08 17:16:00,2027-01-08 17:36:00,1,174.9,风险,系统自动分配,普通工单,,待排产,0,10,未记录,46.23,462.30,,,2026-07-01 13:22:59,2026-07-01 13:22:59
81332,410,2026W27,2026-07-01,J000002886-0000,0000,853-A16565-001-PLS,25,25,2026-07-20,2026-12-15,Line 01,4,5.233600,32.71,2029-03-30 17:55:00,2029-04-03 17:38:00,1,987.9,风险,系统自动分配,普通工单,,待排产,0,25,未记录,1060.00,26500.00,,,2026-07-01 13:22:59,2026-07-01 13:22:59
81330,410,2026W27,2026-07-01,J000003002-0000,0000,LA853-024241-016,19,19,2026-07-20,2026-10-15,Line 01,4,0.201317,0.96,2029-03-27 17:14:00,2029-03-27 18:12:00,1,980.9,风险,系统自动分配,普通工单,,待排产,0,19,未记录,274.57,5216.83,,,2026-07-01 13:22:59,2026-07-01 13:22:59
81321,410,2026W27,2026-07-01,J000003094-0000,0000,03-396634-00-TEX,40,40,2026-07-20,2026-07-17,Line 01,4,0.118400,1.18,2029-03-26 13:08:00,2029-03-26 14:19:00,1,979.7,风险,系统自动分配,普通工单,,待排产,0,40,未记录,34.83,1393.20,,,2026-07-01 13:22:59,2026-07-01 13:22:59
81329,410,2026W27,2026-07-01,J000003108-0000,0000,853-A42888-001-TEX,10,10,2026-07-20,2026-09-03,Line 01,4,0.056800,0.14,2029-03-27 17:06:00,2029-03-27 17:14:00,1,980.8,风险,系统自动分配,普通工单,,待排产,0,10,未记录,208.85,2088.50,,,2026-07-01 13:22:59,2026-07-01 13:22:59
81418,410,2026W27,2026-07-01,J000003398-0000,0000,LB853-802360-002,100,100,2026-07-20,2026-07-20,Line 02,4,0.173861,4.35,2027-01-11 11:44:00,2027-01-11 16:05:00,1,174.8,风险,系统自动分配,普通工单,,待排产,0,100,未记录,30.73,3073.00,,,2026-07-01 13:22:59,2026-07-01 13:22:59
81264,410,2026W27,2026-07-01,J000003404-0000,0000,LB857-080269-400,35,35,2026-07-20,2026-07-23,Assembly-1,2,0.244400,4.28,2029-03-28 17:06:00,2029-03-29 10:23:00,1,982.6,风险,固定线体,主工单,,待排产,0,35,未记录,2536.28,88769.80,,,2026-07-01 13:22:59,2026-07-01 13:22:59
81490,410,2026W27,2026-07-01,J000003404-0001,0001,LB683-109075-401-KIT,35,35,2026-07-20,2026-07-23,Line 03,4,0.367017,3.21,2027-01-11 10:33:00,2027-01-11 13:46:00,1,174.7,风险,系统自动分配,子工单,,待排产,0,35,打印成功,,,,,2026-07-01 13:22:59,2026-07-01 13:22:59
81328,410,2026W27,2026-07-01,J000003404-0002,0002,LB683-109075-402-KIT,35,35,2026-07-20,2026-07-23,Line 01,4,0.415511,3.64,2029-03-27 13:28:00,2029-03-27 17:06:00,1,980.8,风险,系统自动分配,子工单,,待排产,0,35,打印成功,,,,,2026-07-01 13:22:59,2026-07-01 13:22:59
81701,410,2026W27,2026-07-01,J000003404-0003,0003,LB683-109075-403-KIT,35,35,2026-07-20,2026-07-23,Line 06,4,0.397211,3.48,2026-08-04 09:42:00,2026-08-04 13:11:00,1,14.7,风险,系统自动分配,子工单,,待排产,0,35,打印成功,,,,,2026-07-01 13:22:59,2026-07-01 13:22:59
81787,410,2026W27,2026-07-01,J000003404-0004,0004,LB683-109075-404-KIT,35,35,2026-07-20,2026-07-23,Line 07,3,0.397211,4.63,2026-08-03 13:19:00,2026-08-03 17:57:00,1,13.9,风险,系统自动分配,子工单,,待排产,0,35,打印成功,,,,,2026-07-01 13:22:59,2026-07-01 13:22:59
81419,410,2026W27,2026-07-01,J000003404-0005,0005,LB853-031790-001-KIT,140,140,2026-07-20,2026-07-23,Line 02,4,0.115500,4.04,2027-01-11 16:05:00,2027-01-12 09:07:00,1,175.5,风险,系统自动分配,子工单,,待排产,0,140,未记录,,,,,2026-07-01 13:22:59,2026-07-01 13:22:59
81327,410,2026W27,2026-07-01,J000003409-0000,0000,LA853-080529-403,29,29,2026-07-20,2026-07-13,Line 01,4,0.475106,3.44,2029-03-27 10:02:00,2029-03-27 13:28:00,1,980.7,风险,系统自动分配,普通工单,,待排产,0,29,未记录,109.74,3182.46,,,2026-07-01 13:22:59,2026-07-01 13:22:59
81263,410,2026W27,2026-07-01,J000003413-0000,0000,LB853-272819-029,50,50,2026-07-20,2026-07-15,Assembly-1,2,1.300000,32.50,2029-03-28 10:02:00,2029-03-31 09:32:00,1,984.5,风险,固定线体,主工单,,待排产,0,50,未记录,2014.62,100731.00,,,2026-07-01 13:22:59,2026-07-01 13:22:59
81413,410,2026W27,2026-07-01,J000003413-0001,0001,LB853-075623-114-KIT,50,50,2026-07-20,2026-07-15,Line 02,4,0.737611,9.22,2027-01-08 17:36:00,2027-01-09 15:49:00,1,172.8,风险,系统自动分配,子工单,,待排产,0,50,未记录,,,,,2026-07-01 13:22:59,2026-07-01 13:22:59
81487,410,2026W27,2026-07-01,J000003413-0002,0002,LB853-042925-013-KIT,50,50,2026-07-20,2026-07-15,Line 03,4,0.579639,7.25,2027-01-09 10:54:00,2027-01-09 18:09:00,1,172.9,风险,系统自动分配,子工单,,待排产,0,50,打印成功,,,,,2026-07-01 13:22:59,2026-07-01 13:22:59
81417,410,2026W27,2026-07-01,J000003413-0003,0003,LB853-075632-105-KIT,50,50,2026-07-20,2026-07-15,Line 02,4,0.310800,3.89,2027-01-09 18:51:00,2027-01-11 11:44:00,1,174.6,风险,系统自动分配,子工单,,待排产,0,50,未记录,,,,,2026-07-01 13:22:59,2026-07-01 13:22:59
81786,410,2026W27,2026-07-01,J000003413-0004,0004,LB853-075574-025-KIT,50,50,2026-07-20,2026-07-15,Line 07,3,0.294861,4.91,2026-08-01 16:24:00,2026-08-03 13:19:00,1,13.7,风险,系统自动分配,子工单,,待排产,0,50,未记录,,,,,2026-07-01 13:22:59,2026-07-01 13:22:59
81785,410,2026W27,2026-07-01,J000003413-0005,0005,LB853-075576-034-KIT,50,50,2026-07-20,2026-07-15,Line 07,3,0.301300,5.02,2026-08-01 11:23:00,2026-08-01 16:24:00,1,11.8,风险,系统自动分配,子工单,,待排产,0,50,未记录,,,,,2026-07-01 13:22:59,2026-07-01 13:22:59
81323,410,2026W27,2026-07-01,J000003413-0006,0006,LB853-249839-003-KIT,50,50,2026-07-20,2026-07-15,Line 01,4,0.077000,0.96,2029-03-26 14:59:00,2029-03-26 15:57:00,1,979.8,风险,系统自动分配,子工单,,待排产,0,50,未记录,,,,,2026-07-01 13:22:59,2026-07-01 13:22:59
81630,410,2026W27,2026-07-01,J000003413-0007,0007,LB853-165660-104-KIT,50,50,2026-07-20,2026-07-15,Line 05,4,0.207800,2.60,2027-01-08 17:37:00,2027-01-09 09:13:00,1,172.5,风险,系统自动分配,子工单,,待排产,0,50,未记录,,,,,2026-07-01 13:22:59,2026-07-01 13:22:59
81325,410,2026W27,2026-07-01,J000003413-0008,0008,LB853-134796-012-KIT,50,50,2026-07-20,2026-07-15,Line 01,4,0.110300,1.38,2029-03-26 17:11:00,2029-03-26 18:34:00,1,979.9,风险,系统自动分配,子工单,,待排产,0,50,未记录,,,,,2026-07-01 13:22:59,2026-07-01 13:22:59
81631,410,2026W27,2026-07-01,J000003413-0009,0009,LB853-039272-012-KIT,50,50,2026-07-20,2026-07-15,Line 05,4,0.166800,2.08,2027-01-09 09:13:00,2027-01-09 11:18:00,1,172.6,风险,系统自动分配,子工单,,待排产,0,50,打印成功,,,,,2026-07-01 13:22:59,2026-07-01 13:22:59
81633,410,2026W27,2026-07-01,J000003413-0010,0010,LB853-106414-014-KIT,50,50,2026-07-20,2026-07-15,Line 05,4,0.482800,6.04,2027-01-09 12:35:00,2027-01-09 18:37:00,1,172.9,风险,系统自动分配,子工单,,待排产,0,50,打印成功,,,,,2026-07-01 13:22:59,2026-07-01 13:22:59
81326,410,2026W27,2026-07-01,J000003413-0011,0011,LB853-273534-021-KIT,50,50,2026-07-20,2026-07-15,Line 01,4,0.197400,2.47,2029-03-26 18:34:00,2029-03-27 10:02:00,1,980.5,风险,系统自动分配,子工单,,待排产,0,50,未记录,,,,,2026-07-01 13:22:59,2026-07-01 13:22:59
81415,410,2026W27,2026-07-01,J000003413-0012,0012,LB853-149424-124-KIT,50,50,2026-07-20,2026-07-15,Line 02,4,0.137500,1.72,2027-01-09 15:56:00,2027-01-09 17:39:00,1,172.9,风险,系统自动分配,子工单,,待排产,0,50,打印成功,,,,,2026-07-01 13:22:59,2026-07-01 13:22:59
81488,410,2026W27,2026-07-01,J000003413-0013,0013,LB853-149424-127-KIT,50,50,2026-07-20,2026-07-15,Line 03,4,0.137500,1.72,2027-01-09 18:09:00,2027-01-09 19:52:00,1,173.0,风险,系统自动分配,子工单,,待排产,0,50,打印成功,,,,,2026-07-01 13:22:59,2026-07-01 13:22:59
81632,410,2026W27,2026-07-01,J000003413-0014,0014,LB853-273206-005-KIT,50,50,2026-07-20,2026-07-15,Line 05,4,0.103583,1.29,2027-01-09 11:18:00,2027-01-09 12:35:00,1,172.6,风险,系统自动分配,子工单,,待排产,0,50,打印成功,,,,,2026-07-01 13:22:59,2026-07-01 13:22:59
81416,410,2026W27,2026-07-01,J000003413-0015,0015,LB853-149424-130-KIT,50,50,2026-07-20,2026-07-15,Line 02,4,0.095944,1.20,2027-01-09 17:39:00,2027-01-09 18:51:00,1,172.9,风险,系统自动分配,子工单,,待排产,0,50,打印成功,,,,,2026-07-01 13:22:59,2026-07-01 13:22:59
81489,410,2026W27,2026-07-01,J000003413-0016,0016,LB853-149424-128-KIT,50,50,2026-07-20,2026-07-15,Line 03,4,0.134400,1.68,2027-01-09 19:52:00,2027-01-11 10:33:00,1,174.6,风险,系统自动分配,子工单,,待排产,0,50,打印成功,,,,,2026-07-01 13:22:59,2026-07-01 13:22:59
81629,410,2026W27,2026-07-01,J000003433-0000,0000,LB853-A16753-011,10,10,2026-07-20,2026-07-10,Line 05,4,0.092850,0.23,2027-01-08 17:23:00,2027-01-08 17:37:00,1,171.9,风险,系统自动分配,普通工单,,待排产,0,10,未记录,106.74,1067.40,,,2026-07-01 13:22:59,2026-07-01 13:22:59
81322,410,2026W27,2026-07-01,J000003444-0000,0000,LA853-258817-002,10,10,2026-07-20,2026-07-10,Line 01,4,0.267100,0.67,2029-03-26 14:19:00,2029-03-26 14:59:00,1,979.7,风险,系统自动分配,普通工单,,待排产,0,10,打印成功,26.58,265.80,,,2026-07-01 13:22:59,2026-07-01 13:22:59
81628,410,2026W27,2026-07-01,J000003445-0000,0000,LA853-258819-001,10,10,2026-07-20,2026-07-10,Line 05,4,0.278100,0.70,2027-01-08 16:41:00,2027-01-08 17:23:00,1,171.8,风险,系统自动分配,普通工单,,待排产,0,10,未记录,13.24,132.40,,,2026-07-01 13:22:59,2026-07-01 13:22:59
81324,410,2026W27,2026-07-01,J000003449-0000,0000,LA853-250893-001,20,20,2026-07-20,2026-07-20,Line 01,4,0.248100,1.24,2029-03-26 15:57:00,2029-03-26 17:11:00,1,979.8,风险,系统自动分配,普通工单,,待排产,0,20,未记录,21.20,424.00,,,2026-07-01 13:22:59,2026-07-01 13:22:59
81331,410,2026W27,2026-07-01,PA00000947-0000,0000,853-A16565-001-PLS,25,25,2026-07-20,2026-11-16,Line 01,4,5.233600,32.71,2029-03-27 18:12:00,2029-03-30 17:55:00,1,983.9,风险,系统自动分配,普通工单,,待排产,0,25,未记录,1060.00,26500.00,,,2026-07-01 13:22:59,2026-07-01 13:22:59
81414,410,2026W27,2026-07-01,PA00001019-0000,0000,03-453060-02-TEX,10,10,2026-07-20,2026-07-07,Line 02,4,0.047200,0.12,2027-01-09 15:49:00,2027-01-09 15:56:00,1,172.8,风险,系统自动分配,普通工单,,待排产,0,10,未记录,24.89,248.90,,,2026-07-01 13:22:59,2026-07-01 13:22:59
81635,410,2026W27,2026-07-01,J000003093-0000,0000,03-387274-07-TEX,20,20,2026-07-21,2026-07-10,Line 05,4,0.377600,1.89,2027-01-09 18:39:00,2027-01-11 09:32:00,1,173.5,风险,系统自动分配,普通工单,,待排产,0,20,未记录,88.55,1771.00,,,2026-07-01 13:22:59,2026-07-01 13:22:59
81333,410,2026W27,2026-07-01,J000003406-0000,0000,853-016825-005-PLS,50,50,2026-07-21,2026-07-22,Line 01,4,0.664000,8.30,2029-04-03 17:38:00,2029-04-04 14:56:00,1,987.7,风险,系统自动分配,普通工单,,待排产,0,50,未记录,55.91,2795.50,,,2026-07-01 13:22:59,2026-07-01 13:22:59
81335,410,2026W27,2026-07-01,J000003438-0000,0000,853-A66154-007-TEX,10,10,2026-07-21,2027-02-16,Line 01,4,0.891765,2.23,2029-04-04 15:02:00,2029-04-04 17:16:00,1,987.8,风险,系统自动分配,普通工单,,待排产,0,10,未记录,160.61,1606.10,,,2026-07-01 13:22:59,2026-07-01 13:22:59
81634,410,2026W27,2026-07-01,J000003484-0000,0000,0150-44216-ICH,10,10,2026-07-21,2026-07-10,Line 05,4,0.011000,0.03,2027-01-09 18:37:00,2027-01-09 18:39:00,1,171.9,风险,系统自动分配,普通工单,,待排产,0,10,未记录,8.28,82.80,,,2026-07-01 13:22:59,2026-07-01 13:22:59
81423,410,2026W27,2026-07-01,J000003485-0000,0000,853-188261-008-ICH,2,2,2026-07-21,2026-07-06,Line 02,4,0.096000,0.05,2027-01-12 09:14:00,2027-01-12 09:17:00,1,174.5,风险,系统自动分配,普通工单,,待排产,0,2,未记录,20.29,40.58,,,2026-07-01 13:22:59,2026-07-01 13:22:59
81420,410,2026W27,2026-07-01,J000003488-0000,0000,853-188261-012-ICH,2,2,2026-07-21,2026-07-06,Line 02,4,0.089600,0.04,2027-01-12 09:07:00,2027-01-12 09:09:00,1,174.5,风险,系统自动分配,普通工单,,待排产,0,2,未记录,20.29,40.58,,,2026-07-01 13:22:59,2026-07-01 13:22:59
81421,410,2026W27,2026-07-01,J000003490-0000,0000,853-188261-013-ICH,2,2,2026-07-21,2026-07-06,Line 02,4,0.089600,0.04,2027-01-12 09:09:00,2027-01-12 09:11:00,1,174.5,风险,系统自动分配,普通工单,,待排产,0,2,未记录,20.29,40.58,,,2026-07-01 13:22:59,2026-07-01 13:22:59
81422,410,2026W27,2026-07-01,J000003492-0000,0000,853-188261-006-ICH,2,2,2026-07-21,2026-07-06,Line 02,4,0.096000,0.05,2027-01-12 09:11:00,2027-01-12 09:14:00,1,174.5,风险,系统自动分配,普通工单,,待排产,0,2,未记录,0.00,0.00,,,2026-07-01 13:22:59,2026-07-01 13:22:59
81424,410,2026W27,2026-07-01,J000003499-0000,0000,853-188261-003-ICH,2,2,2026-07-21,2026-07-06,Line 02,4,0.096000,0.05,2027-01-12 09:17:00,2027-01-12 09:20:00,1,174.5,风险,系统自动分配,普通工单,,待排产,0,2,未记录,20.16,40.32,,,2026-07-01 13:22:59,2026-07-01 13:22:59
81491,410,2026W27,2026-07-01,PA00001010-0000,0000,03-453060-01-TEX,10,10,2026-07-21,2026-07-07,Line 03,4,0.047200,0.12,2027-01-11 13:46:00,2027-01-11 13:53:00,1,173.7,风险,系统自动分配,普通工单,,待排产,0,10,未记录,24.89,248.90,,,2026-07-01 13:22:59,2026-07-01 13:22:59
81636,410,2026W27,2026-07-01,PA00001020-0000,0000,03-453060-05-TEX,10,10,2026-07-21,2026-07-13,Line 05,4,0.047200,0.12,2027-01-11 09:32:00,2027-01-11 09:39:00,1,173.5,风险,系统自动分配,普通工单,,待排产,0,10,未记录,24.89,248.90,,,2026-07-01 13:22:59,2026-07-01 13:22:59
81702,410,2026W27,2026-07-01,PA00001046-0000,0000,03-432029-04-TEX,10,10,2026-07-21,2026-07-25,Line 06,4,0.039200,0.10,2026-08-04 13:11:00,2026-08-04 13:17:00,1,13.7,风险,系统自动分配,普通工单,,待排产,0,10,未记录,33.97,339.70,,,2026-07-01 13:22:59,2026-07-01 13:22:59
81334,410,2026W27,2026-07-01,PA00001047-0000,0000,03-432029-05-TEX,10,10,2026-07-21,2026-08-21,Line 01,4,0.039200,0.10,2029-04-04 14:56:00,2029-04-04 15:02:00,1,987.8,风险,系统自动分配,普通工单,,待排产,0,10,未记录,33.97,339.70,,,2026-07-01 13:22:59,2026-07-01 13:22:59
81492,410,2026W27,2026-07-01,J000003407-0000,0000,853-016825-005-PLS,50,50,2026-07-22,2026-07-21,Line 03,4,0.664000,8.30,2027-01-11 13:53:00,2027-01-12 11:11:00,1,173.6,风险,系统自动分配,普通工单,,待排产,0,50,未记录,55.91,2795.50,,,2026-07-01 13:22:59,2026-07-01 13:22:59
81788,410,2026W27,2026-07-01,PA00001028-0000,0000,03-413300-02-TEX,10,10,2026-07-22,2026-07-07,Line 07,3,0.039200,0.13,2026-08-03 17:57:00,2026-08-03 18:05:00,1,11.9,风险,系统自动分配,普通工单,,待排产,0,10,未记录,24.36,243.60,,,2026-07-01 13:22:59,2026-07-01 13:22:59
81637,410,2026W27,2026-07-01,PA00001037-0000,0000,03-388135-04-TEX,10,10,2026-07-22,2026-07-25,Line 05,4,0.039200,0.10,2027-01-11 09:39:00,2027-01-11 09:45:00,1,172.5,风险,系统自动分配,普通工单,,待排产,0,10,未记录,33.97,339.70,,,2026-07-01 13:22:59,2026-07-01 13:22:59
81790,410,2026W27,2026-07-01,J000002742-0000,0000,0150-06395,60,60,2026-07-23,2026-07-15,Line 07,3,0.407300,8.15,2026-08-03 18:08:00,2026-08-04 15:17:00,1,11.8,风险,系统自动分配,普通工单,,待排产,0,60,打印成功,50.76,3045.60,,,2026-07-01 13:22:59,2026-07-01 13:22:59
81425,410,2026W27,2026-07-01,J000002812-0000,0000,03-396634-00-TEX,10,10,2026-07-23,2026-07-17,Line 02,4,0.118400,0.30,2027-01-12 09:20:00,2027-01-12 09:38:00,1,172.5,风险,系统自动分配,普通工单,,待排产,0,10,未记录,37.39,373.90,,,2026-07-01 13:22:59,2026-07-01 13:22:59
81493,410,2026W27,2026-07-01,J000003376-0000,0000,853-081299-603-ICH,5,5,2026-07-23,2026-06-30,Line 03,4,0.204000,0.26,2027-01-12 11:11:00,2027-01-12 11:27:00,1,172.6,风险,系统自动跨线填充(Pass7),普通工单,,待排产,0,5,打印成功,36.66,183.30,,,2026-07-01 13:22:59,2026-07-01 13:22:59
81576,410,2026W27,2026-07-01,J000003379-0000,0000,853-256855-001-ICH,1,1,2026-07-23,2026-06-30,Line 04,4,0.110400,0.03,2026-08-10 11:58:00,2026-08-10 12:00:00,1,17.6,风险,系统自动分配,普通工单,,待排产,0,1,打印成功,6.51,6.51,,,2026-07-01 13:22:59,2026-07-01 13:22:59
81497,410,2026W27,2026-07-01,J000003423-0000,0000,853-107227-001-TEX,10,10,2026-07-23,2026-07-20,Line 03,4,0.028000,0.07,2027-01-12 11:35:00,2027-01-12 11:39:00,1,172.6,风险,系统自动分配,普通工单,,待排产,0,10,未记录,2.34,23.40,,,2026-07-01 13:22:59,2026-07-01 13:22:59
81336,410,2026W27,2026-07-01,J000003429-0000,0000,LA853-108536-600,25,25,2026-07-23,2026-07-15,Line 01,4,0.495000,3.09,2029-04-04 17:16:00,2029-04-05 09:21:00,1,986.5,风险,系统自动分配,普通工单,,待排产,0,25,未记录,354.21,8855.25,,,2026-07-01 13:22:59,2026-07-01 13:22:59
81705,410,2026W27,2026-07-01,J000003461-0000,0000,0140-84771,15,15,2026-07-23,2026-07-10,Line 06,4,0.024100,0.09,2026-08-04 13:23:00,2026-08-04 13:28:00,1,11.7,风险,系统自动分配,普通工单,,待排产,0,15,未记录,16.64,249.60,,,2026-07-01 13:22:59,2026-07-01 13:22:59
81426,410,2026W27,2026-07-01,J000003463-0000,0000,1270-01589-ICH,88,88,2026-07-23,2026-07-10,Line 02,4,0.020800,0.46,2027-01-12 09:38:00,2027-01-12 10:06:00,1,172.5,风险,系统自动分配,普通工单,,待排产,0,88,未记录,5.81,511.28,,,2026-07-01 13:22:59,2026-07-01 13:22:59
81427,410,2026W27,2026-07-01,J000003464-0000,0000,0150-06395,60,60,2026-07-23,2026-07-07,Line 02,4,0.407300,6.11,2027-01-12 10:06:00,2027-01-12 16:13:00,1,172.8,风险,系统自动分配,普通工单,,待排产,0,60,未记录,50.76,3045.60,,,2026-07-01 13:22:59,2026-07-01 13:22:59
81812,410,2026W27,2026-07-01,J000003467-0000,0000,0140-08084,10,10,2026-07-23,2027-04-29,,0,,0.00,2026-07-01 00:00:00,2026-07-01 00:00:00,0,0.0,,,普通工单,缺单根时间,待排产,0,10,未记录,267.13,2671.30,,,2026-07-01 13:22:59,2026-07-01 13:22:59
81704,410,2026W27,2026-07-01,J000003473-0000,0000,853-188261-008-ICH,2,2,2026-07-23,2026-07-06,Line 06,4,0.096000,0.05,2026-08-04 13:20:00,2026-08-04 13:23:00,1,11.7,风险,系统自动分配,普通工单,,待排产,0,2,未记录,20.29,40.58,,,2026-07-01 13:22:59,2026-07-01 13:22:59
81638,410,2026W27,2026-07-01,J000003481-0000,0000,0140-46463-ICH,2,2,2026-07-23,2026-06-30,Line 05,4,0.364000,0.18,2027-01-11 09:45:00,2027-01-11 09:56:00,1,171.5,风险,系统自动分配,普通工单,,待排产,0,2,未记录,57.85,115.70,,,2026-07-01 13:22:59,2026-07-01 13:22:59
81789,410,2026W27,2026-07-01,J000003495-0000,0000,0150-23707,48,48,2026-07-23,2026-06-30,Line 07,3,0.003100,0.05,2026-08-03 18:05:00,2026-08-03 18:08:00,1,10.9,风险,系统自动跨线填充(Pass7),普通工单,,待排产,0,48,打印成功,2.93,140.64,,,2026-07-01 13:22:59,2026-07-01 13:22:59
81813,410,2026W27,2026-07-01,J000003496-0000,0000,0150-41627,10,10,2026-07-23,2026-07-10,,0,,0.00,2026-07-01 00:00:00,2026-07-01 00:00:00,0,0.0,,,普通工单,缺单根时间,待排产,0,10,未记录,16.42,164.20,,,2026-07-01 13:22:59,2026-07-01 13:22:59
81496,410,2026W27,2026-07-01,J000003503-0000,0000,853-188261-008-ICH,2,2,2026-07-23,2026-07-06,Line 03,4,0.096000,0.05,2027-01-12 11:32:00,2027-01-12 11:35:00,1,172.6,风险,系统自动分配,普通工单,,待排产,0,2,未记录,20.29,40.58,,,2026-07-01 13:22:59,2026-07-01 13:22:59
81494,410,2026W27,2026-07-01,J000003504-0000,0000,853-188261-001-ICH,2,2,2026-07-23,2026-07-06,Line 03,4,0.096000,0.05,2027-01-12 11:27:00,2027-01-12 11:30:00,1,172.6,风险,系统自动分配,普通工单,,待排产,0,2,未记录,20.16,40.32,,,2026-07-01 13:22:59,2026-07-01 13:22:59
81495,410,2026W27,2026-07-01,J000003506-0000,0000,853-188261-012-ICH,2,2,2026-07-23,2026-07-06,Line 03,4,0.089600,0.04,2027-01-12 11:30:00,2027-01-12 11:32:00,1,172.6,风险,系统自动分配,普通工单,,待排产,0,2,未记录,20.29,40.58,,,2026-07-01 13:22:59,2026-07-01 13:22:59
81703,410,2026W27,2026-07-01,J000003508-0000,0000,853-188261-006-ICH,2,2,2026-07-23,2026-07-06,Line 06,4,0.096000,0.05,2026-08-04 13:17:00,2026-08-04 13:20:00,1,11.7,风险,系统自动分配,普通工单,,待排产,0,2,未记录,20.29,40.58,,,2026-07-01 13:22:59,2026-07-01 13:22:59
81706,410,2026W27,2026-07-01,J000003509-0000,0000,0140-85318,4,4,2026-07-23,2026-08-03,Line 06,4,0.318128,0.32,2026-08-04 13:28:00,2026-08-04 13:47:00,1,11.7,风险,系统自动分配,普通工单,,待排产,0,4,未记录,36.86,147.44,,,2026-07-01 13:22:59,2026-07-01 13:22:59
81505,410,2026W27,2026-07-01,J000002235-0000,0000,853-267004-301-PLS,25,25,2026-07-24,2026-08-15,Line 03,4,0.148000,0.92,2027-01-12 14:39:00,2027-01-12 15:34:00,1,171.8,风险,系统自动分配,普通工单,,待排产,0,25,未记录,36.87,921.75,,,2026-07-01 13:22:59,2026-07-01 13:22:59
81578,410,2026W27,2026-07-01,J000002888-0000,0000,03-436786-03-TEX,10,10,2026-07-24,2026-08-15,Line 04,4,0.252800,0.63,2026-08-15 09:00:00,2026-08-15 09:38:00,1,21.5,风险,系统自动分配,普通工单,,待排产,0,10,未记录,97.13,971.30,,,2026-07-01 13:22:59,2026-07-01 13:22:59
81640,410,2026W27,2026-07-01,J000002908-0000,0000,03-436786-02-TEX,10,10,2026-07-24,2026-08-15,Line 05,4,0.252800,0.63,2027-01-11 10:34:00,2027-01-11 11:12:00,1,170.6,风险,系统自动分配,普通工单,,待排产,0,10,未记录,97.13,971.30,,,2026-07-01 13:22:59,2026-07-01 13:22:59
81429,410,2026W27,2026-07-01,J000002917-0000,0000,853-334086-001-TEX,5,5,2026-07-24,2026-07-16,Line 02,4,0.207200,0.26,2027-01-12 16:19:00,2027-01-12 16:35:00,1,171.8,风险,系统自动分配,普通工单,,待排产,0,5,未记录,100.12,500.60,,,2026-07-01 13:22:59,2026-07-01 13:22:59
81337,410,2026W27,2026-07-01,J000002918-0000,0000,853-334086-011-TEX,10,10,2026-07-24,2026-07-16,Line 01,4,0.207200,0.52,2029-04-05 09:21:00,2029-04-05 09:52:00,1,985.5,风险,系统自动分配,普通工单,,待排产,0,10,未记录,79.26,792.60,,,2026-07-01 13:22:59,2026-07-01 13:22:59
81792,410,2026W27,2026-07-01,J000002928-0000,0000,853-334084-001-TEX,10,10,2026-07-24,2026-07-16,Line 07,3,0.177600,0.59,2026-08-04 17:48:00,2026-08-04 18:23:00,1,10.9,风险,系统自动分配,普通工单,,待排产,0,10,未记录,77.54,775.40,,,2026-07-01 13:22:59,2026-07-01 13:22:59
81707,410,2026W27,2026-07-01,J000002943-0000,0000,03-388276-06-TEX,10,10,2026-07-24,2026-07-13,Line 06,4,0.039200,0.10,2026-08-04 13:47:00,2026-08-04 13:53:00,1,10.7,风险,系统自动分配,普通工单,,待排产,0,10,未记录,24.36,243.60,,,2026-07-01 13:22:59,2026-07-01 13:22:59
81340,410,2026W27,2026-07-01,J000002951-0000,0000,03-413300-03-TEX,10,10,2026-07-24,2026-08-15,Line 01,4,0.039200,0.10,2029-04-05 14:08:00,2029-04-05 14:14:00,1,985.7,风险,系统自动分配,普通工单,,待排产,0,10,未记录,24.36,243.60,,,2026-07-01 13:22:59,2026-07-01 13:22:59
81794,410,2026W27,2026-07-01,J000003001-0000,0000,853-334084-001-TEX,10,10,2026-07-24,2026-07-16,Line 07,3,0.177600,0.59,2026-08-04 18:58:00,2026-08-04 19:33:00,1,10.9,风险,系统自动分配,普通工单,,待排产,0,10,未记录,77.54,775.40,,,2026-07-01 13:22:59,2026-07-01 13:22:59
81577,410,2026W27,2026-07-01,J000003013-0000,0000,853-334086-001-TEX,10,10,2026-07-24,2026-08-03,Line 04,4,0.207200,0.52,2026-08-10 12:00:00,2026-08-10 12:31:00,1,16.6,风险,系统自动分配,普通工单,,待排产,0,10,未记录,87.93,879.30,,,2026-07-01 13:22:59,2026-07-01 13:22:59
81795,410,2026W27,2026-07-01,J000003014-0000,0000,853-334086-003-TEX,10,10,2026-07-24,2026-07-16,Line 07,3,0.207200,0.69,2026-08-04 19:33:00,2026-08-05 09:14:00,1,11.5,风险,系统自动分配,普通工单,,待排产,0,10,未记录,78.65,786.50,,,2026-07-01 13:22:59,2026-07-01 13:22:59
81501,410,2026W27,2026-07-01,J000003031-0000,0000,03-377952-01-TEX,10,10,2026-07-24,2026-07-15,Line 03,4,0.224000,0.56,2027-01-12 12:52:00,2027-01-12 13:26:00,1,171.7,风险,系统自动分配,普通工单,,待排产,0,10,打印成功,36.09,360.90,,,2026-07-01 13:22:59,2026-07-01 13:22:59
81791,410,2026W27,2026-07-01,J000003090-0000,0000,03-387274-04-TEX,20,20,2026-07-24,2026-07-10,Line 07,3,0.377600,2.52,2026-08-04 15:17:00,2026-08-04 17:48:00,1,10.9,风险,系统自动分配,普通工单,,待排产,0,20,未记录,88.55,1771.00,,,2026-07-01 13:22:59,2026-07-01 13:22:59
81265,410,2026W27,2026-07-01,J000003414-0000,0000,LB853-A22993-015,25,25,2026-07-24,2026-07-16,Assembly-1,2,0.627900,7.85,2029-04-06 14:08:00,2029-04-07 10:59:00,1,987.6,风险,固定线体,主工单,,待排产,0,25,未记录,223.52,5588.00,,,2026-07-01 13:22:59,2026-07-01 13:22:59
81498,410,2026W27,2026-07-01,J000003414-0001,0001,LB684-337958-042-KIT,25,25,2026-07-24,2026-07-16,Line 03,4,0.162900,1.02,2027-01-12 11:39:00,2027-01-12 12:40:00,1,171.7,风险,系统自动分配,子工单,,待排产,0,25,未记录,,,,,2026-07-01 13:22:59,2026-07-01 13:22:59
81502,410,2026W27,2026-07-01,J000003414-0002,0002,LB684-337958-043-KIT,25,25,2026-07-24,2026-07-16,Line 03,4,0.162900,1.02,2027-01-12 13:26:00,2027-01-12 14:27:00,1,171.7,风险,系统自动分配,子工单,,待排产,0,25,未记录,,,,,2026-07-01 13:22:59,2026-07-01 13:22:59
81339,410,2026W27,2026-07-01,J000003414-0003,0003,LB853-A24407-002-KIT,25,25,2026-07-24,2026-07-16,Line 01,4,0.359900,2.25,2029-04-05 11:53:00,2029-04-05 14:08:00,1,985.7,风险,系统自动分配,子工单,,待排产,0,25,未记录,,,,,2026-07-01 13:22:59,2026-07-01 13:22:59
81431,410,2026W27,2026-07-01,J000003414-0004,0004,LB853-A24414-002-KIT,25,25,2026-07-24,2026-07-16,Line 02,4,0.594600,3.72,2027-01-12 17:06:00,2027-01-13 09:49:00,1,172.5,风险,系统自动分配,子工单,,待排产,0,25,未记录,,,,,2026-07-01 13:22:59,2026-07-01 13:22:59
81338,410,2026W27,2026-07-01,J000003414-0005,0005,LB853-A35247-400-KIT,25,25,2026-07-24,2026-07-16,Line 01,4,0.323600,2.02,2029-04-05 09:52:00,2029-04-05 11:53:00,1,985.6,风险,系统自动分配,子工单,,待排产,0,25,未记录,,,,,2026-07-01 13:22:59,2026-07-01 13:22:59
81432,410,2026W27,2026-07-01,J000003422-0000,0000,853-267004-301-PLS,25,25,2026-07-24,2026-08-15,Line 02,4,0.148000,0.92,2027-01-13 09:49:00,2027-01-13 10:44:00,1,172.6,风险,系统自动分配,普通工单,,待排产,0,25,未记录,36.87,921.75,,,2026-07-01 13:22:59,2026-07-01 13:22:59
81342,410,2026W27,2026-07-01,J000003432-0000,0000,853-267004-301-PLS,25,25,2026-07-24,2026-11-24,Line 01,4,0.148000,0.92,2029-04-05 14:20:00,2029-04-05 15:15:00,1,985.8,风险,系统自动分配,普通工单,,待排产,0,25,未记录,36.87,921.75,,,2026-07-01 13:22:59,2026-07-01 13:22:59
81639,410,2026W27,2026-07-01,PA00001009-0000,0000,03-436786-02-TEX,10,10,2026-07-24,2026-07-16,Line 05,4,0.252800,0.63,2027-01-11 09:56:00,2027-01-11 10:34:00,1,170.6,风险,系统自动分配,普通工单,,待排产,0,10,未记录,97.13,971.30,,,2026-07-01 13:22:59,2026-07-01 13:22:59
81428,410,2026W27,2026-07-01,PA00001014-0000,0000,03-388276-04-TEX,10,10,2026-07-24,2026-07-15,Line 02,4,0.039200,0.10,2027-01-12 16:13:00,2027-01-12 16:19:00,1,171.8,风险,系统自动分配,普通工单,,待排产,0,10,未记录,24.36,243.60,,,2026-07-01 13:22:59,2026-07-01 13:22:59
81793,410,2026W27,2026-07-01,PA00001022-0000,0000,853-334084-001-TEX,10,10,2026-07-24,2026-07-16,Line 07,3,0.177600,0.59,2026-08-04 18:23:00,2026-08-04 18:58:00,1,10.9,风险,系统自动分配,普通工单,,待排产,0,10,未记录,77.54,775.40,,,2026-07-01 13:22:59,2026-07-01 13:22:59
81430,410,2026W27,2026-07-01,PA00001023-0000,0000,853-334086-011-TEX,10,10,2026-07-24,2026-07-17,Line 02,4,0.207200,0.52,2027-01-12 16:35:00,2027-01-12 17:06:00,1,171.8,风险,系统自动分配,普通工单,,待排产,0,10,未记录,79.26,792.60,,,2026-07-01 13:22:59,2026-07-01 13:22:59
81499,410,2026W27,2026-07-01,PA00001038-0000,0000,03-388135-07-TEX,10,10,2026-07-24,2026-07-10,Line 03,4,0.039200,0.10,2027-01-12 12:40:00,2027-01-12 12:46:00,1,171.7,风险,系统自动分配,普通工单,,待排产,0,10,未记录,33.97,339.70,,,2026-07-01 13:22:59,2026-07-01 13:22:59
81500,410,2026W27,2026-07-01,PA00001039-0000,0000,03-388135-08-TEX,10,10,2026-07-24,2026-07-10,Line 03,4,0.039200,0.10,2027-01-12 12:46:00,2027-01-12 12:52:00,1,171.7,风险,系统自动分配,普通工单,,待排产,0,10,未记录,33.97,339.70,,,2026-07-01 13:22:59,2026-07-01 13:22:59
81504,410,2026W27,2026-07-01,PA00001040-0000,0000,03-393876-03-TEX,10,10,2026-07-24,2026-08-15,Line 03,4,0.039200,0.10,2027-01-12 14:33:00,2027-01-12 14:39:00,1,171.7,风险,系统自动分配,普通工单,,待排产,0,10,未记录,24.36,243.60,,,2026-07-01 13:22:59,2026-07-01 13:22:59
81503,410,2026W27,2026-07-01,PA00001041-0000,0000,03-393876-04-TEX,10,10,2026-07-24,2026-08-15,Line 03,4,0.039200,0.10,2027-01-12 14:27:00,2027-01-12 14:33:00,1,171.7,风险,系统自动分配,普通工单,,待排产,0,10,未记录,24.36,243.60,,,2026-07-01 13:22:59,2026-07-01 13:22:59
81579,410,2026W27,2026-07-01,PA00001042-0000,0000,03-407446-01-TEX,10,10,2026-07-24,2026-11-06,Line 04,4,0.039200,0.10,2026-11-06 09:00:00,2026-11-06 09:06:00,1,104.5,风险,系统自动分配,普通工单,,待排产,0,10,未记录,38.26,382.60,,,2026-07-01 13:22:59,2026-07-01 13:22:59
81341,410,2026W27,2026-07-01,PA00001043-0000,0000,03-407446-02-TEX,10,10,2026-07-24,2026-10-09,Line 01,4,0.039200,0.10,2029-04-05 14:14:00,2029-04-05 14:20:00,1,985.7,风险,系统自动分配,普通工单,,待排产,0,10,未记录,38.26,382.60,,,2026-07-01 13:22:59,2026-07-01 13:22:59
81433,410,2026W27,2026-07-01,PA00001045-0000,0000,03-432029-01-TEX,10,10,2026-07-24,2026-10-09,Line 02,4,0.039200,0.10,2027-01-13 10:44:00,2027-01-13 10:50:00,1,172.6,风险,系统自动分配,普通工单,,待排产,0,10,未记录,33.97,339.70,,,2026-07-01 13:22:59,2026-07-01 13:22:59
81348,410,2026W27,2026-07-01,J000002014-0000,0000,853-120965-001-PLS,15,15,2026-07-27,2027-03-15,Line 01,4,0.776000,2.91,2029-04-10 11:53:00,2029-04-10 14:48:00,1,987.7,风险,系统自动分配,普通工单,,待排产,0,15,未记录,150.84,2262.60,,,2026-07-01 13:22:59,2026-07-01 13:22:59
81506,410,2026W27,2026-07-01,J000002767-0000,0000,LB853-324074-101,150,150,2026-07-27,2026-06-30,Line 03,4,0.119472,4.48,2027-01-12 15:34:00,2027-01-13 09:03:00,1,169.5,风险,系统自动跨线填充(Pass7),普通工单,,待排产,0,150,打印成功,48.39,7258.50,,,2026-07-01 13:22:59,2026-07-01 13:22:59
81708,410,2026W27,2026-07-01,J000003399-0000,0000,LB853-326825-001,80,80,2026-07-27,2026-06-30,Line 06,4,0.060500,1.21,2026-08-04 13:53:00,2026-08-04 15:06:00,1,7.8,风险,系统自动跨线填充(Pass7),普通工单,,待排产,0,80,打印成功,17.67,1413.60,,,2026-07-01 13:22:59,2026-07-01 13:22:59
81347,410,2026W27,2026-07-01,J000003402-0000,0000,LB853-300845-005,100,100,2026-07-27,2026-08-31,Line 01,4,0.140900,3.52,2029-04-09 19:22:00,2029-04-10 11:53:00,1,987.6,风险,系统自动分配,普通工单,,待排产,0,100,未记录,213.05,21305.00,,,2026-07-01 13:22:59,2026-07-01 13:22:59
81266,410,2026W27,2026-07-01,J000003405-0000,0000,LB853-A22993-015,25,25,2026-07-27,2026-07-16,Assembly-1,2,0.627900,7.85,2029-04-09 17:53:00,2029-04-10 14:44:00,1,987.7,风险,固定线体,主工单,,待排产,0,25,未记录,223.52,5588.00,,,2026-07-01 13:22:59,2026-07-01 13:22:59
81507,410,2026W27,2026-07-01,J000003405-0001,0001,LB684-337958-042-KIT,25,25,2026-07-27,2026-07-16,Line 03,4,0.162900,1.02,2027-01-13 09:03:00,2027-01-13 10:04:00,1,169.5,风险,系统自动分配,子工单,,待排产,0,25,未记录,,,,,2026-07-01 13:22:59,2026-07-01 13:22:59
81343,410,2026W27,2026-07-01,J000003405-0002,0002,LB684-337958-043-KIT,25,25,2026-07-27,2026-07-16,Line 01,4,0.162900,1.02,2029-04-07 13:09:00,2029-04-07 14:10:00,1,984.7,风险,系统自动分配,子工单,,待排产,0,25,未记录,,,,,2026-07-01 13:22:59,2026-07-01 13:22:59
81797,410,2026W27,2026-07-01,J000003405-0003,0003,LB853-A24407-002-KIT,25,25,2026-07-27,2026-07-16,Line 07,3,0.359900,3.00,2026-08-05 09:19:00,2026-08-05 12:19:00,1,8.6,风险,系统自动分配,子工单,,待排产,0,25,未记录,,,,,2026-07-01 13:22:59,2026-07-01 13:22:59
81344,410,2026W27,2026-07-01,J000003405-0004,0004,LB853-A24414-002-KIT,25,25,2026-07-27,2026-07-16,Line 01,4,0.594600,3.72,2029-04-07 14:10:00,2029-04-07 17:53:00,1,984.9,风险,系统自动分配,子工单,,待排产,0,25,未记录,,,,,2026-07-01 13:22:59,2026-07-01 13:22:59
81509,410,2026W27,2026-07-01,J000003405-0005,0005,LB853-A35247-400-KIT,25,25,2026-07-27,2026-07-16,Line 03,4,0.323600,2.02,2027-01-13 10:15:00,2027-01-13 12:16:00,1,169.6,风险,系统自动分配,子工单,,待排产,0,25,未记录,,,,,2026-07-01 13:22:59,2026-07-01 13:22:59
81709,410,2026W27,2026-07-01,J000003420-0000,0000,853-107227-001-TEX,10,10,2026-07-27,2026-07-20,Line 06,4,0.028000,0.07,2026-08-04 15:06:00,2026-08-04 15:10:00,1,7.8,风险,系统自动分配,普通工单,,待排产,0,10,未记录,2.34,23.40,,,2026-07-01 13:22:59,2026-07-01 13:22:59
81796,410,2026W27,2026-07-01,J000003426-0000,0000,853-107227-001-TEX,10,10,2026-07-27,2026-07-20,Line 07,3,0.028000,0.09,2026-08-05 09:14:00,2026-08-05 09:19:00,1,8.5,风险,系统自动分配,普通工单,,待排产,0,10,未记录,2.34,23.40,,,2026-07-01 13:22:59,2026-07-01 13:22:59
81641,410,2026W27,2026-07-01,J000003430-0000,0000,LB853-A26005-001,10,10,2026-07-27,2026-07-13,Line 05,4,0.009800,0.02,2027-01-11 11:12:00,2027-01-11 11:13:00,1,167.6,风险,系统自动分配,普通工单,,待排产,0,10,未记录,1.99,19.90,,,2026-07-01 13:22:59,2026-07-01 13:22:59
81642,410,2026W27,2026-07-01,J000003434-0000,0000,LB853-A26005-015,10,10,2026-07-27,2026-07-13,Line 05,4,0.023806,0.06,2027-01-11 11:13:00,2027-01-11 11:17:00,1,167.6,风险,系统自动分配,普通工单,,待排产,0,10,未记录,3.86,38.60,,,2026-07-01 13:22:59,2026-07-01 13:22:59
81346,410,2026W27,2026-07-01,J000003435-0000,0000,LB853-A16754-011,10,10,2026-07-27,2026-07-30,Line 01,4,0.092850,0.23,2029-04-09 19:08:00,2029-04-09 19:22:00,1,986.9,风险,系统自动分配,普通工单,,待排产,0,10,未记录,106.74,1067.40,,,2026-07-01 13:22:59,2026-07-01 13:22:59
81508,410,2026W27,2026-07-01,J000003436-0000,0000,853-107227-001-TEX,25,25,2026-07-27,2026-07-20,Line 03,4,0.028000,0.18,2027-01-13 10:04:00,2027-01-13 10:15:00,1,169.6,风险,系统自动分配,普通工单,,待排产,0,25,未记录,1.90,47.50,,,2026-07-01 13:22:59,2026-07-01 13:22:59
81349,410,2026W27,2026-07-01,J000003442-0000,0000,LB853-A18310-003,100,100,2026-07-27,2026-07-20,Line 01,4,0.796000,19.90,2029-04-10 19:08:00,2029-04-12 17:02:00,1,989.8,风险,系统自动分配,主工单,,待排产,0,100,未记录,82.27,8227.00,,,2026-07-01 13:22:59,2026-07-01 13:22:59
81510,410,2026W27,2026-07-01,J000003442-0001,0001,LB853-A18311-003-KIT,100,100,2026-07-27,2026-07-20,Line 03,4,0.833000,20.82,2027-01-13 12:16:00,2027-01-15 11:05:00,1,171.6,风险,系统自动分配,子工单,,待排产,0,100,未记录,,,,,2026-07-01 13:22:59,2026-07-01 13:22:59
81434,410,2026W27,2026-07-01,J000003442-0002,0002,LB853-A18313-003-KIT,100,100,2026-07-27,2026-07-20,Line 02,4,0.833000,20.82,2027-01-13 10:50:00,2027-01-15 09:39:00,1,171.5,风险,系统自动分配,子工单,,待排产,0,100,未记录,,,,,2026-07-01 13:22:59,2026-07-01 13:22:59
81798,410,2026W27,2026-07-01,J000003442-0003,0003,LB853-A18314-003-KIT,100,100,2026-07-27,2026-07-20,Line 07,3,0.490196,16.34,2026-08-05 12:19:00,2026-08-06 17:39:00,1,9.9,风险,系统自动分配,子工单,,待排产,0,100,未记录,,,,,2026-07-01 13:22:59,2026-07-01 13:22:59
81711,410,2026W27,2026-07-01,J000003442-0004,0004,LB853-A18316-003-KIT,100,100,2026-07-27,2026-07-20,Line 06,4,0.490196,12.25,2026-08-04 15:38:00,2026-08-05 16:53:00,1,8.8,风险,系统自动分配,子工单,,待排产,0,100,未记录,,,,,2026-07-01 13:22:59,2026-07-01 13:22:59
81580,410,2026W27,2026-07-01,J000003442-0005,0005,LB853-A18317-003-KIT,100,100,2026-07-27,2026-07-20,Line 04,4,0.490196,12.25,2026-11-06 09:06:00,2026-11-07 10:21:00,1,102.6,风险,系统自动分配,子工单,,待排产,0,100,未记录,,,,,2026-07-01 13:22:59,2026-07-01 13:22:59
81712,410,2026W27,2026-07-01,J000003442-0006,0006,LB853-A18318-003-KIT,100,100,2026-07-27,2026-07-20,Line 06,4,0.490196,12.25,2026-08-05 16:53:00,2026-08-06 18:08:00,1,9.9,风险,系统自动分配,子工单,,待排产,0,100,未记录,,,,,2026-07-01 13:22:59,2026-07-01 13:22:59
81581,410,2026W27,2026-07-01,J000003442-0007,0007,LB853-A18319-003-KIT,100,100,2026-07-27,2026-07-20,Line 04,4,0.490196,12.25,2026-11-07 10:21:00,2026-11-09 14:36:00,1,104.7,风险,系统自动分配,子工单,,待排产,0,100,未记录,,,,,2026-07-01 13:22:59,2026-07-01 13:22:59
81643,410,2026W27,2026-07-01,J000003442-0008,0008,LB853-A18320-003-KIT,100,100,2026-07-27,2026-07-20,Line 05,4,0.490196,12.25,2027-01-11 11:17:00,2027-01-12 12:32:00,1,168.6,风险,系统自动分配,子工单,,待排产,0,100,未记录,,,,,2026-07-01 13:22:59,2026-07-01 13:22:59
81345,410,2026W27,2026-07-01,J000003442-0009,0009,LB853-A18323-003-KIT,100,100,2026-07-27,2026-07-20,Line 01,4,0.490196,12.25,2029-04-07 17:53:00,2029-04-09 19:08:00,1,986.9,风险,系统自动分配,子工单,,待排产,0,100,未记录,,,,,2026-07-01 13:22:59,2026-07-01 13:22:59
81799,410,2026W27,2026-07-01,J000003442-0010,0010,LB853-A18324-003-KIT,100,100,2026-07-27,2026-07-20,Line 07,3,0.490196,16.34,2026-08-06 17:39:00,2026-08-08 11:59:00,1,11.6,风险,系统自动分配,子工单,,待排产,0,100,未记录,,,,,2026-07-01 13:22:59,2026-07-01 13:22:59
81644,410,2026W27,2026-07-01,J000003442-0011,0011,LB853-A29947-003-KIT,100,100,2026-07-27,2026-07-20,Line 05,4,0.490196,12.25,2027-01-12 12:32:00,2027-01-13 13:47:00,1,169.7,风险,系统自动分配,子工单,,待排产,0,100,未记录,,,,,2026-07-01 13:22:59,2026-07-01 13:22:59
81645,410,2026W27,2026-07-01,J000003442-0012,0012,LB853-A29949-003-KIT,100,100,2026-07-27,2026-07-20,Line 05,4,0.490196,12.25,2027-01-13 13:47:00,2027-01-14 15:02:00,1,170.8,风险,系统自动分配,子工单,,待排产,0,100,未记录,,,,,2026-07-01 13:22:59,2026-07-01 13:22:59
81710,410,2026W27,2026-07-01,PA00001008-0000,0000,LB853-A28457-001,7,7,2026-07-27,2026-07-13,Line 06,4,0.260300,0.46,2026-08-04 15:10:00,2026-08-04 15:38:00,1,7.8,风险,系统自动分配,普通工单,,待排产,0,7,未记录,19.10,133.70,,,2026-07-01 13:22:59,2026-07-01 13:22:59
81512,410,2026W27,2026-07-01,J000003486-0000,0000,853-188261-003-ICH,2,2,2026-07-28,2026-07-06,Line 03,4,0.096000,0.05,2027-01-15 11:07:00,2027-01-15 11:10:00,1,170.6,风险,系统自动分配,普通工单,,待排产,0,2,未记录,20.16,40.32,,,2026-07-01 13:22:59,2026-07-01 13:22:59
81511,410,2026W27,2026-07-01,J000003507-0000,0000,853-188261-013-ICH,2,2,2026-07-28,2026-07-06,Line 03,4,0.089600,0.04,2027-01-15 11:05:00,2027-01-15 11:07:00,1,170.6,风险,系统自动分配,普通工单,,待排产,0,2,未记录,20.29,40.58,,,2026-07-01 13:22:59,2026-07-01 13:22:59
81350,410,2026W27,2026-07-01,J000002927-0000,0000,03-407446-04-TEX,10,10,2026-07-29,2026-07-29,Line 01,4,0.039200,0.10,2029-04-10 14:48:00,2029-04-10 14:54:00,1,985.7,风险,系统自动分配,普通工单,,待排产,0,10,未记录,44.15,441.50,,,2026-07-01 13:22:59,2026-07-01 13:22:59
81713,410,2026W27,2026-07-01,J000003487-0000,0000,853-188261-001-ICH,1,1,2026-07-29,2026-07-06,Line 06,4,0.096000,0.02,2026-08-06 18:08:00,2026-08-06 18:09:00,1,7.9,风险,系统自动分配,普通工单,,待排产,0,1,未记录,20.16,20.16,,,2026-07-01 13:22:59,2026-07-01 13:22:59
81354,410,2026W27,2026-07-01,J000002813-0000,0000,03-396634-00-TEX,10,10,2026-07-30,2026-09-22,Line 01,4,0.118400,0.30,2029-04-11 11:29:00,2029-04-11 11:47:00,1,985.6,风险,系统自动分配,普通工单,,待排产,0,10,未记录,37.39,373.90,,,2026-07-01 13:22:59,2026-07-01 13:22:59
81352,410,2026W27,2026-07-01,J000003321-0000,0000,0140-62692,5,5,2026-07-30,2026-08-28,Line 01,4,1.617900,2.02,2029-04-10 19:56:00,2029-04-11 10:57:00,1,985.6,风险,系统自动分配,普通工单,,待排产,0,5,未记录,219.40,1097.00,,,2026-07-01 13:22:59,2026-07-01 13:22:59
81582,410,2026W27,2026-07-01,J000003460-0000,0000,0150-62943,14,14,2026-07-30,2026-06-30,Line 04,4,0.124100,0.43,2026-11-09 14:36:00,2026-11-09 15:02:00,1,101.8,风险,系统自动跨线填充(Pass7),普通工单,,待排产,0,14,打印成功,18.78,262.92,,,2026-07-01 13:22:59,2026-07-01 13:22:59
81351,410,2026W27,2026-07-01,J000003466-0000,0000,0140-31126-ICH,13,13,2026-07-30,2026-07-31,Line 01,4,1.552178,5.04,2029-04-10 14:54:00,2029-04-10 19:56:00,1,985.0,风险,系统自动分配,普通工单,,待排产,0,13,未记录,767.22,9973.86,,,2026-07-01 13:22:59,2026-07-01 13:22:59
81353,410,2026W27,2026-07-01,J000003469-0000,0000,0150-28766,42,42,2026-07-30,2026-09-07,Line 01,4,0.051765,0.54,2029-04-11 10:57:00,2029-04-11 11:29:00,1,985.6,风险,系统自动分配,普通工单,,待排产,0,42,未记录,65.10,2734.20,,,2026-07-01 13:22:59,2026-07-01 13:22:59
81714,410,2026W27,2026-07-01,J000003474-0000,0000,853-188261-003-ICH,2,2,2026-07-30,2026-07-06,Line 06,4,0.096000,0.05,2026-08-06 18:09:00,2026-08-06 18:12:00,1,6.9,风险,系统自动分配,普通工单,,待排产,0,2,未记录,20.16,40.32,,,2026-07-01 13:22:59,2026-07-01 13:22:59
81514,410,2026W27,2026-07-01,J000003475-0000,0000,853-188261-013-ICH,2,2,2026-07-30,2026-07-06,Line 03,4,0.089600,0.04,2027-01-15 11:13:00,2027-01-15 11:15:00,1,168.6,风险,系统自动分配,普通工单,,待排产,0,2,未记录,20.29,40.58,,,2026-07-01 13:22:59,2026-07-01 13:22:59
81583,410,2026W27,2026-07-01,J000003478-0000,0000,0140-07561,25,25,2026-07-30,2026-06-30,Line 04,4,1.611800,10.07,2026-11-09 15:02:00,2026-11-10 14:06:00,1,102.7,风险,系统自动分配,普通工单,,待排产,0,25,打印成功,115.42,2885.50,,,2026-07-01 13:22:59,2026-07-01 13:22:59
81814,410,2026W27,2026-07-01,J000003497-0000,0000,0150-41627,10,10,2026-07-30,2026-07-10,,0,,0.00,2026-07-01 00:00:00,2026-07-01 00:00:00,0,0.0,,,普通工单,缺单根时间,待排产,0,10,未记录,16.42,164.20,,,2026-07-01 13:22:59,2026-07-01 13:22:59
81516,410,2026W27,2026-07-01,J000003500-0000,0000,853-188261-003-ICH,4,4,2026-07-30,2026-07-23,Line 03,4,0.096000,0.10,2027-01-15 11:21:00,2027-01-15 11:27:00,1,168.6,风险,系统自动分配,普通工单,,待排产,0,4,未记录,20.16,80.64,,,2026-07-01 13:22:59,2026-07-01 13:22:59
81513,410,2026W27,2026-07-01,J000003502-0000,0000,853-188261-002-ICH,2,2,2026-07-30,2026-07-06,Line 03,4,0.096000,0.05,2027-01-15 11:10:00,2027-01-15 11:13:00,1,168.6,风险,系统自动分配,普通工单,,待排产,0,2,未记录,20.16,40.32,,,2026-07-01 13:22:59,2026-07-01 13:22:59
81515,410,2026W27,2026-07-01,J000003505-0000,0000,853-188261-001-ICH,4,4,2026-07-30,2026-07-06,Line 03,4,0.096000,0.10,2027-01-15 11:15:00,2027-01-15 11:21:00,1,168.6,风险,系统自动分配,普通工单,,待排产,0,4,未记录,20.16,80.64,,,2026-07-01 13:22:59,2026-07-01 13:22:59
81368,410,2026W27,2026-07-01,J000002801-0000,0000,03-382157-10-TEX,10,10,2026-07-31,2026-10-05,Line 01,4,0.130400,0.33,2029-04-12 13:19:00,2029-04-12 13:39:00,1,985.7,风险,系统自动分配,普通工单,,待排产,0,10,未记录,35.43,354.30,,,2026-07-01 13:22:59,2026-07-01 13:22:59
81588,410,2026W27,2026-07-01,J000002804-0000,0000,03-382157-05-TEX,10,10,2026-07-31,2026-07-13,Line 04,4,0.132800,0.33,2026-11-10 15:26:00,2026-11-10 15:46:00,1,101.8,风险,系统自动分配,普通工单,,待排产,0,10,未记录,41.02,410.20,,,2026-07-01 13:22:59,2026-07-01 13:22:59
81589,410,2026W27,2026-07-01,J000002805-0000,0000,03-382157-06-TEX,10,10,2026-07-31,2026-07-13,Line 04,4,0.132800,0.33,2026-11-10 15:46:00,2026-11-10 16:06:00,1,101.8,风险,系统自动分配,普通工单,,待排产,0,10,未记录,38.25,382.50,,,2026-07-01 13:22:59,2026-07-01 13:22:59
81718,410,2026W27,2026-07-01,J000002824-0000,0000,03-426503-01-TEX,10,10,2026-07-31,2026-07-13,Line 06,4,0.116800,0.29,2026-08-07 09:53:00,2026-08-07 10:10:00,1,6.5,风险,系统自动分配,普通工单,,待排产,0,10,未记录,36.72,367.20,,,2026-07-01 13:22:59,2026-07-01 13:22:59
81435,410,2026W27,2026-07-01,J000002827-0000,0000,03-387274-07-TEX,10,10,2026-07-31,2026-07-10,Line 02,4,0.377600,0.94,2027-01-15 09:39:00,2027-01-15 10:35:00,1,167.6,风险,系统自动分配,普通工单,,待排产,0,10,未记录,88.55,885.50,,,2026-07-01 13:22:59,2026-07-01 13:22:59
81367,410,2026W27,2026-07-01,J000002899-0000,0000,03-393876-03-TEX,10,10,2026-07-31,2026-09-15,Line 01,4,0.039200,0.10,2029-04-12 13:13:00,2029-04-12 13:19:00,1,985.7,风险,系统自动分配,普通工单,,待排产,0,10,未记录,24.36,243.60,,,2026-07-01 13:22:59,2026-07-01 13:22:59
81441,410,2026W27,2026-07-01,J000002900-0000,0000,03-393876-04-TEX,10,10,2026-07-31,2026-09-15,Line 02,4,0.039200,0.10,2027-01-15 11:59:00,2027-01-15 12:05:00,1,167.6,风险,系统自动分配,普通工单,,待排产,0,10,未记录,24.36,243.60,,,2026-07-01 13:22:59,2026-07-01 13:22:59
81524,410,2026W27,2026-07-01,J000002901-0000,0000,03-407446-01-TEX,10,10,2026-07-31,2026-11-06,Line 03,4,0.039200,0.10,2027-01-15 14:37:00,2027-01-15 14:43:00,1,167.7,风险,系统自动分配,普通工单,,待排产,0,10,未记录,38.26,382.60,,,2026-07-01 13:22:59,2026-07-01 13:22:59
81373,410,2026W27,2026-07-01,J000002902-0000,0000,03-407446-02-TEX,10,10,2026-07-31,2027-03-02,Line 01,4,0.039200,0.10,2029-04-12 14:07:00,2029-04-12 14:13:00,1,985.7,风险,系统自动分配,普通工单,,待排产,0,10,未记录,38.26,382.60,,,2026-07-01 13:22:59,2026-07-01 13:22:59
81584,410,2026W27,2026-07-01,J000002904-0000,0000,03-412342-09-TEX,10,10,2026-07-31,2026-06-30,Line 04,4,0.243200,0.61,2026-11-10 14:06:00,2026-11-10 14:43:00,1,101.7,风险,系统自动跨线填充(Pass7),普通工单,,待排产,0,10,未记录,95.51,955.10,,,2026-07-01 13:22:59,2026-07-01 13:22:59
81594,410,2026W27,2026-07-01,J000002906-0000,0000,03-413300-03-TEX,10,10,2026-07-31,2026-08-15,Line 04,4,0.039200,0.10,2026-11-10 16:40:00,2026-11-10 16:46:00,1,101.8,风险,系统自动分配,普通工单,,待排产,0,10,未记录,24.36,243.60,,,2026-07-01 13:22:59,2026-07-01 13:22:59
81652,410,2026W27,2026-07-01,J000002907-0000,0000,03-436786-01-TEX,10,10,2026-07-31,2026-08-15,Line 05,4,0.252800,0.63,2027-01-14 16:19:00,2027-01-14 16:57:00,1,166.8,风险,系统自动分配,普通工单,,待排产,0,10,未记录,97.13,971.30,,,2026-07-01 13:22:59,2026-07-01 13:22:59
81806,410,2026W27,2026-07-01,J000002909-0000,0000,03-436786-03-TEX,10,10,2026-07-31,2026-11-19,Line 07,3,0.252800,0.84,2026-11-19 09:00:00,2026-11-19 09:50:00,1,110.5,风险,系统自动分配,普通工单,,待排产,0,10,未记录,97.13,971.30,,,2026-07-01 13:22:59,2026-07-01 13:22:59
81444,410,2026W27,2026-07-01,J000002910-0000,0000,03-436786-04-TEX,10,10,2026-07-31,2026-11-19,Line 02,4,0.252800,0.63,2027-01-15 12:23:00,2027-01-15 13:01:00,1,167.7,风险,系统自动分配,普通工单,,待排产,0,10,未记录,97.13,971.30,,,2026-07-01 13:22:59,2026-07-01 13:22:59
81361,410,2026W27,2026-07-01,J000002913-0000,0000,853-334086-003-TEX,10,10,2026-07-31,2026-08-03,Line 01,4,0.207200,0.52,2029-04-11 16:18:00,2029-04-11 16:49:00,1,984.8,风险,系统自动分配,普通工单,,待排产,0,10,未记录,78.65,786.50,,,2026-07-01 13:22:59,2026-07-01 13:22:59
81723,410,2026W27,2026-07-01,J000002924-0000,0000,03-388276-04-TEX,10,10,2026-07-31,2026-08-15,Line 06,4,0.039200,0.10,2026-08-15 09:50:00,2026-08-15 09:56:00,1,14.5,风险,系统自动分配,普通工单,,待排产,0,10,未记录,24.36,243.60,,,2026-07-01 13:22:59,2026-07-01 13:22:59
81725,410,2026W27,2026-07-01,J000002925-0000,0000,03-388276-07-TEX,10,10,2026-07-31,2026-08-15,Line 06,4,0.039200,0.10,2026-08-15 10:13:00,2026-08-15 10:19:00,1,14.6,风险,系统自动分配,普通工单,,待排产,0,10,未记录,24.36,243.60,,,2026-07-01 13:22:59,2026-07-01 13:22:59
81593,410,2026W27,2026-07-01,J000002932-0000,0000,853-B39972-005-TEX,2,2,2026-07-31,2026-08-15,Line 04,4,0.156000,0.08,2026-11-10 16:35:00,2026-11-10 16:40:00,1,101.8,风险,系统自动分配,普通工单,,待排产,0,2,未记录,113.72,227.44,,,2026-07-01 13:22:59,2026-07-01 13:22:59
81595,410,2026W27,2026-07-01,J000002933-0000,0000,853-B39972-008-TEX,2,2,2026-07-31,2026-08-15,Line 04,4,0.156000,0.08,2026-11-10 16:46:00,2026-11-10 16:51:00,1,101.8,风险,系统自动分配,普通工单,,待排产,0,2,未记录,113.72,227.44,,,2026-07-01 13:22:59,2026-07-01 13:22:59
81372,410,2026W27,2026-07-01,J000002935-0000,0000,03-429971-02-TEX,1,1,2026-07-31,2026-11-19,Line 01,4,0.231200,0.06,2029-04-12 14:03:00,2029-04-12 14:07:00,1,985.7,风险,系统自动分配,普通工单,,待排产,0,1,未记录,108.61,108.61,,,2026-07-01 13:22:59,2026-07-01 13:22:59
81360,410,2026W27,2026-07-01,J000002938-0000,0000,03-388135-04-TEX,10,10,2026-07-31,2026-07-25,Line 01,4,0.039200,0.10,2029-04-11 16:12:00,2029-04-11 16:18:00,1,984.8,风险,系统自动分配,普通工单,,待排产,0,10,未记录,33.97,339.70,,,2026-07-01 13:22:59,2026-07-01 13:22:59
81439,410,2026W27,2026-07-01,J000002940-0000,0000,03-388192-08-TEX,10,10,2026-07-31,2026-08-15,Line 02,4,0.039200,0.10,2027-01-15 11:16:00,2027-01-15 11:22:00,1,167.6,风险,系统自动分配,普通工单,,待排产,0,10,未记录,24.36,243.60,,,2026-07-01 13:22:59,2026-07-01 13:22:59
81803,410,2026W27,2026-07-01,J000002941-0000,0000,03-388192-10-TEX,10,10,2026-07-31,2026-08-15,Line 07,3,0.039200,0.13,2026-08-15 09:00:00,2026-08-15 09:08:00,1,14.5,风险,系统自动分配,普通工单,,待排产,0,10,未记录,24.36,243.60,,,2026-07-01 13:22:59,2026-07-01 13:22:59
81364,410,2026W27,2026-07-01,J000002942-0000,0000,03-388276-03-TEX,10,10,2026-07-31,2026-08-15,Line 01,4,0.039200,0.10,2029-04-12 11:54:00,2029-04-12 12:00:00,1,985.6,风险,系统自动分配,普通工单,,待排产,0,10,未记录,24.36,243.60,,,2026-07-01 13:22:59,2026-07-01 13:22:59
81438,410,2026W27,2026-07-01,J000002944-0000,0000,03-388276-08-TEX,10,10,2026-07-31,2026-08-15,Line 02,4,0.039200,0.10,2027-01-15 11:10:00,2027-01-15 11:16:00,1,167.6,风险,系统自动分配,普通工单,,待排产,0,10,未记录,24.36,243.60,,,2026-07-01 13:22:59,2026-07-01 13:22:59
81649,410,2026W27,2026-07-01,J000002945-0000,0000,03-393876-03-TEX,10,10,2026-07-31,2026-08-15,Line 05,4,0.039200,0.10,2027-01-14 15:46:00,2027-01-14 15:52:00,1,166.8,风险,系统自动分配,普通工单,,待排产,0,10,未记录,24.36,243.60,,,2026-07-01 13:22:59,2026-07-01 13:22:59
81720,410,2026W27,2026-07-01,J000002946-0000,0000,03-393876-04-TEX,10,10,2026-07-31,2026-08-15,Line 06,4,0.039200,0.10,2026-08-15 09:00:00,2026-08-15 09:06:00,1,14.5,风险,系统自动分配,普通工单,,待排产,0,10,未记录,24.36,243.60,,,2026-07-01 13:22:59,2026-07-01 13:22:59
81442,410,2026W27,2026-07-01,J000002947-0000,0000,03-407446-01-TEX,10,10,2026-07-31,2026-11-06,Line 02,4,0.039200,0.10,2027-01-15 12:05:00,2027-01-15 12:11:00,1,167.6,风险,系统自动分配,普通工单,,待排产,0,10,未记录,38.26,382.60,,,2026-07-01 13:22:59,2026-07-01 13:22:59
81369,410,2026W27,2026-07-01,J000002948-0000,0000,03-407446-02-TEX,10,10,2026-07-31,2026-10-16,Line 01,4,0.039200,0.10,2029-04-12 13:39:00,2029-04-12 13:45:00,1,985.7,风险,系统自动分配,普通工单,,待排产,0,10,未记录,38.26,382.60,,,2026-07-01 13:22:59,2026-07-01 13:22:59
81721,410,2026W27,2026-07-01,J000002949-0000,0000,03-412342-05-TEX,10,10,2026-07-31,2026-08-15,Line 06,4,0.243200,0.61,2026-08-15 09:06:00,2026-08-15 09:43:00,1,14.5,风险,系统自动分配,普通工单,,待排产,0,10,未记录,95.51,955.10,,,2026-07-01 13:22:59,2026-07-01 13:22:59
81596,410,2026W27,2026-07-01,J000002953-0000,0000,03-432029-01-TEX,10,10,2026-07-31,2026-10-09,Line 04,4,0.039200,0.10,2026-11-10 16:51:00,2026-11-10 16:57:00,1,101.8,风险,系统自动分配,普通工单,,待排产,0,10,未记录,33.97,339.70,,,2026-07-01 13:22:59,2026-07-01 13:22:59
81363,410,2026W27,2026-07-01,J000002956-0000,0000,853-334086-001-TEX,10,10,2026-07-31,2026-08-12,Line 01,4,0.207200,0.52,2029-04-12 11:23:00,2029-04-12 11:54:00,1,985.6,风险,系统自动分配,普通工单,,待排产,0,10,未记录,87.93,879.30,,,2026-07-01 13:22:59,2026-07-01 13:22:59
81592,410,2026W27,2026-07-01,J000002960-0000,0000,03-413300-02-TEX,10,10,2026-07-31,2026-08-15,Line 04,4,0.039200,0.10,2026-11-10 16:29:00,2026-11-10 16:35:00,1,101.8,风险,系统自动分配,普通工单,,待排产,0,10,未记录,24.36,243.60,,,2026-07-01 13:22:59,2026-07-01 13:22:59
81724,410,2026W27,2026-07-01,J000002961-0000,0000,03-429971-02-TEX,5,5,2026-07-31,2026-08-15,Line 06,4,0.231200,0.29,2026-08-15 09:56:00,2026-08-15 10:13:00,1,14.6,风险,系统自动分配,普通工单,,待排产,0,5,未记录,108.61,543.05,,,2026-07-01 13:22:59,2026-07-01 13:22:59
81805,410,2026W27,2026-07-01,J000002963-0000,0000,03-436786-03-TEX,10,10,2026-07-31,2026-08-15,Line 07,3,0.252800,0.84,2026-08-15 09:58:00,2026-08-15 10:48:00,1,14.6,风险,系统自动分配,普通工单,,待排产,0,10,未记录,97.13,971.30,,,2026-07-01 13:22:59,2026-07-01 13:22:59
81726,410,2026W27,2026-07-01,J000002964-0000,0000,03-436786-04-TEX,10,10,2026-07-31,2026-08-15,Line 06,4,0.252800,0.63,2026-08-15 10:19:00,2026-08-15 10:57:00,1,14.6,风险,系统自动分配,普通工单,,待排产,0,10,未记录,97.13,971.30,,,2026-07-01 13:22:59,2026-07-01 13:22:59
81365,410,2026W27,2026-07-01,J000003015-0000,0000,03-453057-00-TEX,10,10,2026-07-31,2026-08-15,Line 01,4,0.231200,0.58,2029-04-12 12:00:00,2029-04-12 12:35:00,1,985.6,风险,系统自动分配,普通工单,,待排产,0,10,未记录,95.22,952.20,,,2026-07-01 13:22:59,2026-07-01 13:22:59
81722,410,2026W27,2026-07-01,J000003017-0000,0000,03-453060-02-TEX,10,10,2026-07-31,2026-08-15,Line 06,4,0.047200,0.12,2026-08-15 09:43:00,2026-08-15 09:50:00,1,14.5,风险,系统自动分配,普通工单,,待排产,0,10,未记录,24.89,248.90,,,2026-07-01 13:22:59,2026-07-01 13:22:59
81590,410,2026W27,2026-07-01,J000003022-0000,0000,03-388276-07-TEX,10,10,2026-07-31,2026-08-15,Line 04,4,0.039200,0.10,2026-11-10 16:06:00,2026-11-10 16:12:00,1,101.8,风险,系统自动分配,普通工单,,待排产,0,10,未记录,24.36,243.60,,,2026-07-01 13:22:59,2026-07-01 13:22:59
81370,410,2026W27,2026-07-01,J000003024-0000,0000,03-407446-04-TEX,10,10,2026-07-31,2026-10-23,Line 01,4,0.039200,0.10,2029-04-12 13:45:00,2029-04-12 13:51:00,1,985.7,风险,系统自动分配,普通工单,,待排产,0,10,未记录,44.15,441.50,,,2026-07-01 13:22:59,2026-07-01 13:22:59
81523,410,2026W27,2026-07-01,J000003025-0000,0000,03-453060-07-TEX,10,10,2026-07-31,2026-09-15,Line 03,4,0.047200,0.12,2027-01-15 14:30:00,2027-01-15 14:37:00,1,167.7,风险,系统自动分配,普通工单,,待排产,0,10,未记录,24.89,248.90,,,2026-07-01 13:22:59,2026-07-01 13:22:59
81653,410,2026W27,2026-07-01,J000003026-0000,0000,03-453060-08-TEX,10,10,2026-07-31,2026-09-15,Line 05,4,0.047200,0.12,2027-01-14 16:57:00,2027-01-14 17:04:00,1,166.8,风险,系统自动分配,普通工单,,待排产,0,10,未记录,24.89,248.90,,,2026-07-01 13:22:59,2026-07-01 13:22:59
81374,410,2026W27,2026-07-01,J000003027-0000,0000,04-429972-00-TEX,10,10,2026-07-31,2026-11-19,Line 01,4,0.622400,1.56,2029-04-13 14:03:00,2029-04-13 15:37:00,1,986.8,风险,系统自动分配,主工单,,待排产,0,10,打印成功,356.22,3562.20,,,2026-07-01 13:22:59,2026-07-01 13:22:59
81371,410,2026W27,2026-07-01,J000003027-0001,0001,03-429970-03-KIT-TEX,10,10,2026-07-31,2026-11-19,Line 01,4,0.080000,0.20,2029-04-12 13:51:00,2029-04-12 14:03:00,1,985.7,风险,系统自动分配,子工单,,待排产,0,10,未记录,,,,,2026-07-01 13:22:59,2026-07-01 13:22:59
81443,410,2026W27,2026-07-01,J000003027-0002,0002,03-429970-04-KIT-TEX,10,10,2026-07-31,2026-11-19,Line 02,4,0.080000,0.20,2027-01-15 12:11:00,2027-01-15 12:23:00,1,167.6,风险,系统自动分配,子工单,,待排产,0,10,未记录,,,,,2026-07-01 13:22:59,2026-07-01 13:22:59
81655,410,2026W27,2026-07-01,J000003027-0003,0003,03-429970-09-KIT-TEX,10,10,2026-07-31,2026-11-19,Line 05,4,0.080000,0.20,2027-01-14 17:16:00,2027-01-14 17:28:00,1,166.9,风险,系统自动分配,子工单,,待排产,0,10,未记录,,,,,2026-07-01 13:22:59,2026-07-01 13:22:59
81525,410,2026W27,2026-07-01,J000003027-0004,0004,03-429970-10-KIT-TEX,10,10,2026-07-31,2026-11-19,Line 03,4,0.080000,0.20,2027-01-15 14:43:00,2027-01-15 14:55:00,1,167.7,风险,系统自动分配,子工单,,待排产,0,10,未记录,,,,,2026-07-01 13:22:59,2026-07-01 13:22:59
81656,410,2026W27,2026-07-01,J000003027-0005,0005,03-429970-11-KIT-TEX,10,10,2026-07-31,2026-11-19,Line 05,4,0.080000,0.20,2027-01-14 17:28:00,2027-01-14 17:40:00,1,166.9,风险,系统自动分配,子工单,,待排产,0,10,未记录,,,,,2026-07-01 13:22:59,2026-07-01 13:22:59
81727,410,2026W27,2026-07-01,J000003027-0006,0006,03-429970-12-KIT-TEX,10,10,2026-07-31,2026-11-19,Line 06,4,0.080000,0.20,2026-11-19 09:00:00,2026-11-19 09:12:00,1,110.5,风险,系统自动分配,子工单,,待排产,0,10,未记录,,,,,2026-07-01 13:22:59,2026-07-01 13:22:59
81526,410,2026W27,2026-07-01,J000003027-0007,0007,03-429971-01-KIT-TEX,10,10,2026-07-31,2026-11-19,Line 03,4,0.080000,0.20,2027-01-15 14:55:00,2027-01-15 15:07:00,1,167.8,风险,系统自动分配,子工单,,待排产,0,10,未记录,,,,,2026-07-01 13:22:59,2026-07-01 13:22:59
81597,410,2026W27,2026-07-01,J000003027-0008,0008,03-429971-02-KIT-TEX,10,10,2026-07-31,2026-11-19,Line 04,4,0.080000,0.20,2026-11-19 09:00:00,2026-11-19 09:12:00,1,110.5,风险,系统自动分配,子工单,,待排产,0,10,未记录,,,,,2026-07-01 13:22:59,2026-07-01 13:22:59
81267,410,2026W27,2026-07-01,J000003028-0000,0000,04-429974-00-TEX,10,10,2026-07-31,2026-08-03,Assembly-1,2,0.119200,0.60,2027-01-21 16:46:00,2027-01-21 17:22:00,1,173.8,风险,固定线体,主工单,,待排产,0,10,未记录,48.74,487.40,,,2026-07-01 13:22:59,2026-07-01 13:22:59
81648,410,2026W27,2026-07-01,J000003028-0001,0001,03-429970-01-KIT-TEX,10,10,2026-07-31,2026-08-03,Line 05,4,0.080000,0.20,2027-01-14 15:34:00,2027-01-14 15:46:00,1,166.8,风险,系统自动分配,子工单,,待排产,0,10,打印成功,,,,,2026-07-01 13:22:59,2026-07-01 13:22:59
81802,410,2026W27,2026-07-01,J000003028-0002,0002,03-429970-02-KIT-TEX,10,10,2026-07-31,2026-08-03,Line 07,3,0.080000,0.27,2026-08-08 12:26:00,2026-08-08 12:42:00,1,7.7,风险,系统自动分配,子工单,,待排产,0,10,打印成功,,,,,2026-07-01 13:22:59,2026-07-01 13:22:59
81436,410,2026W27,2026-07-01,J000003033-0000,0000,03-377952-03-TEX,10,10,2026-07-31,2026-08-03,Line 02,4,0.224000,0.56,2027-01-15 10:35:00,2027-01-15 11:09:00,1,167.6,风险,系统自动分配,普通工单,,待排产,0,10,未记录,34.35,343.50,,,2026-07-01 13:22:59,2026-07-01 13:22:59
81522,410,2026W27,2026-07-01,J000003036-0000,0000,03-429971-02-TEX,5,5,2026-07-31,2026-08-15,Line 03,4,0.231200,0.29,2027-01-15 14:13:00,2027-01-15 14:30:00,1,167.7,风险,系统自动分配,普通工单,,待排产,0,5,未记录,108.61,543.05,,,2026-07-01 13:22:59,2026-07-01 13:22:59
81437,410,2026W27,2026-07-01,J000003064-0000,0000,03-411871-01-TEX,1,1,2026-07-31,2026-08-15,Line 02,4,0.039200,0.01,2027-01-15 11:09:00,2027-01-15 11:10:00,1,167.6,风险,系统自动分配,普通工单,,待排产,0,1,未记录,27.26,27.26,,,2026-07-01 13:22:59,2026-07-01 13:22:59
81717,410,2026W27,2026-07-01,J000003067-0000,0000,03-376706-05-TEX,20,20,2026-07-31,2026-07-10,Line 06,4,0.070400,0.35,2026-08-07 09:32:00,2026-08-07 09:53:00,1,6.5,风险,系统自动分配,普通工单,,待排产,0,20,未记录,16.95,339.00,,,2026-07-01 13:22:59,2026-07-01 13:22:59
81518,410,2026W27,2026-07-01,J000003068-0000,0000,03-376706-08-TEX,20,20,2026-07-31,2026-07-10,Line 03,4,0.070400,0.35,2027-01-15 11:39:00,2027-01-15 12:00:00,1,167.6,风险,系统自动分配,普通工单,,待排产,0,20,未记录,17.43,348.60,,,2026-07-01 13:22:59,2026-07-01 13:22:59
81358,410,2026W27,2026-07-01,J000003072-0000,0000,03-376706-19-TEX,20,20,2026-07-31,2026-07-10,Line 01,4,0.070400,0.35,2029-04-11 15:30:00,2029-04-11 15:51:00,1,984.8,风险,系统自动分配,普通工单,,待排产,0,20,未记录,17.43,348.60,,,2026-07-01 13:22:59,2026-07-01 13:22:59
81359,410,2026W27,2026-07-01,J000003073-0000,0000,03-376706-20-TEX,20,20,2026-07-31,2026-07-10,Line 01,4,0.070400,0.35,2029-04-11 15:51:00,2029-04-11 16:12:00,1,984.8,风险,系统自动分配,普通工单,,待排产,0,20,未记录,17.43,348.60,,,2026-07-01 13:22:59,2026-07-01 13:22:59
81357,410,2026W27,2026-07-01,J000003081-0000,0000,03-387193-01-TEX,20,20,2026-07-31,2026-07-10,Line 01,4,0.039200,0.20,2029-04-11 15:18:00,2029-04-11 15:30:00,1,984.8,风险,系统自动分配,普通工单,,待排产,0,20,未记录,14.10,282.00,,,2026-07-01 13:22:59,2026-07-01 13:22:59
81585,410,2026W27,2026-07-01,J000003082-0000,0000,03-387193-02-TEX,20,20,2026-07-31,2026-07-23,Line 04,4,0.039200,0.20,2026-11-10 14:43:00,2026-11-10 14:55:00,1,101.7,风险,系统自动分配,普通工单,,待排产,0,20,未记录,14.58,291.60,,,2026-07-01 13:22:59,2026-07-01 13:22:59
81647,410,2026W27,2026-07-01,J000003083-0000,0000,03-387193-03-TEX,20,20,2026-07-31,2026-07-23,Line 05,4,0.039200,0.20,2027-01-14 15:22:00,2027-01-14 15:34:00,1,166.8,风险,系统自动分配,普通工单,,待排产,0,20,未记录,17.31,346.20,,,2026-07-01 13:22:59,2026-07-01 13:22:59
81800,410,2026W27,2026-07-01,J000003084-0000,0000,03-387193-04-TEX,20,20,2026-07-31,2026-07-23,Line 07,3,0.048529,0.32,2026-08-08 11:59:00,2026-08-08 12:18:00,1,7.6,风险,系统自动分配,普通工单,,待排产,0,20,未记录,13.78,275.60,,,2026-07-01 13:22:59,2026-07-01 13:22:59
81520,410,2026W27,2026-07-01,J000003085-0000,0000,03-387193-06-TEX,20,20,2026-07-31,2026-07-23,Line 03,4,0.048529,0.24,2027-01-15 13:53:00,2027-01-15 14:07:00,1,167.7,风险,系统自动分配,普通工单,,待排产,0,20,未记录,13.78,275.60,,,2026-07-01 13:22:59,2026-07-01 13:22:59
81719,410,2026W27,2026-07-01,J000003086-0000,0000,03-387193-07-TEX,20,20,2026-07-31,2026-07-23,Line 06,4,0.039200,0.20,2026-08-07 10:10:00,2026-08-07 10:22:00,1,6.6,风险,系统自动分配,普通工单,,待排产,0,20,未记录,17.31,346.20,,,2026-07-01 13:22:59,2026-07-01 13:22:59
81586,410,2026W27,2026-07-01,J000003087-0000,0000,03-387193-08-TEX,20,20,2026-07-31,2026-07-23,Line 04,4,0.048529,0.24,2026-11-10 14:55:00,2026-11-10 15:09:00,1,101.8,风险,系统自动分配,普通工单,,待排产,0,20,未记录,17.31,346.20,,,2026-07-01 13:22:59,2026-07-01 13:22:59
81519,410,2026W27,2026-07-01,J000003089-0000,0000,03-387274-02-TEX,20,20,2026-07-31,2026-07-15,Line 03,4,0.377600,1.89,2027-01-15 12:00:00,2027-01-15 13:53:00,1,167.7,风险,系统自动分配,普通工单,,待排产,0,20,未记录,88.55,1771.00,,,2026-07-01 13:22:59,2026-07-01 13:22:59
81355,410,2026W27,2026-07-01,J000003091-0000,0000,03-387274-05-TEX,20,20,2026-07-31,2026-07-15,Line 01,4,0.377600,1.89,2029-04-11 13:21:00,2029-04-11 15:14:00,1,984.8,风险,系统自动分配,普通工单,,待排产,0,20,未记录,88.55,1771.00,,,2026-07-01 13:22:59,2026-07-01 13:22:59
81517,410,2026W27,2026-07-01,J000003092-0000,0000,03-387274-06-TEX,20,20,2026-07-31,2026-07-10,Line 03,4,0.039200,0.20,2027-01-15 11:27:00,2027-01-15 11:39:00,1,167.6,风险,系统自动分配,普通工单,,待排产,0,20,未记录,54.06,1081.20,,,2026-07-01 13:22:59,2026-07-01 13:22:59
81654,410,2026W27,2026-07-01,J000003099-0000,0000,03-432029-02-TEX,20,20,2026-07-31,2026-11-06,Line 05,4,0.039200,0.20,2027-01-14 17:04:00,2027-01-14 17:16:00,1,166.8,风险,系统自动分配,普通工单,,待排产,0,20,未记录,33.97,679.40,,,2026-07-01 13:22:59,2026-07-01 13:22:59
81815,410,2026W27,2026-07-01,J000003416-0000,0000,LB853-A28468-011,7,7,2026-07-31,2026-08-05,,0,,0.00,2026-07-01 00:00:00,2026-07-01 00:00:00,0,0.0,,,普通工单,缺单根时间,待排产,0,7,未记录,330.30,2312.10,,,2026-07-01 13:22:59,2026-07-01 13:22:59
81715,410,2026W27,2026-07-01,J000003437-0000,0000,853-A65679-007-TEX,10,10,2026-07-31,2026-06-30,Line 06,4,0.891765,2.23,2026-08-06 18:12:00,2026-08-07 09:26:00,1,6.5,风险,系统自动跨线填充(Pass7),普通工单,,待排产,0,10,未记录,181.78,1817.80,,,2026-07-01 13:22:59,2026-07-01 13:22:59
81650,410,2026W27,2026-07-01,J000003439-0000,0000,853-B39972-005-TEX,10,10,2026-07-31,2026-08-15,Line 05,4,0.156000,0.39,2027-01-14 15:52:00,2027-01-14 16:15:00,1,166.8,风险,系统自动分配,普通工单,,待排产,0,10,未记录,99.63,996.30,,,2026-07-01 13:22:59,2026-07-01 13:22:59
81651,410,2026W27,2026-07-01,PA00000969-0000,0000,03-429971-01-TEX,1,1,2026-07-31,2026-08-15,Line 05,4,0.231200,0.06,2027-01-14 16:15:00,2027-01-14 16:19:00,1,166.8,风险,系统自动分配,普通工单,,待排产,0,1,未记录,108.61,108.61,,,2026-07-01 13:22:59,2026-07-01 13:22:59
81804,410,2026W27,2026-07-01,PA00001017-0000,0000,03-436786-03-TEX,10,10,2026-07-31,2026-08-15,Line 07,3,0.252800,0.84,2026-08-15 09:08:00,2026-08-15 09:58:00,1,14.5,风险,系统自动分配,普通工单,,待排产,0,10,未记录,97.13,971.30,,,2026-07-01 13:22:59,2026-07-01 13:22:59
81366,410,2026W27,2026-07-01,PA00001018-0000,0000,03-436786-04-TEX,10,10,2026-07-31,2026-08-15,Line 01,4,0.252800,0.63,2029-04-12 12:35:00,2029-04-12 13:13:00,1,985.7,风险,系统自动分配,普通工单,,待排产,0,10,未记录,97.13,971.30,,,2026-07-01 13:22:59,2026-07-01 13:22:59
81591,410,2026W27,2026-07-01,PA00001024-0000,0000,03-429971-01-TEX,5,5,2026-07-31,2026-08-15,Line 04,4,0.231200,0.29,2026-11-10 16:12:00,2026-11-10 16:29:00,1,101.8,风险,系统自动分配,普通工单,,待排产,0,5,未记录,108.61,543.05,,,2026-07-01 13:22:59,2026-07-01 13:22:59
81646,410,2026W27,2026-07-01,PA00001027-0000,0000,03-382157-07-TEX,10,10,2026-07-31,2026-07-13,Line 05,4,0.135200,0.34,2027-01-14 15:02:00,2027-01-14 15:22:00,1,166.8,风险,系统自动分配,普通工单,,待排产,0,10,未记录,45.23,452.30,,,2026-07-01 13:22:59,2026-07-01 13:22:59
81587,410,2026W27,2026-07-01,PA00001030-0000,0000,03-426503-02-TEX,10,10,2026-07-31,2026-07-13,Line 04,4,0.116800,0.29,2026-11-10 15:09:00,2026-11-10 15:26:00,1,101.8,风险,系统自动分配,普通工单,,待排产,0,10,未记录,36.21,362.10,,,2026-07-01 13:22:59,2026-07-01 13:22:59
81356,410,2026W27,2026-07-01,PA00001032-0000,0000,833-A42103-101-TEX,10,10,2026-07-31,2026-07-10,Line 01,4,0.028800,0.07,2029-04-11 15:14:00,2029-04-11 15:18:00,1,984.8,风险,系统自动分配,普通工单,,待排产,0,10,未记录,17.38,173.80,,,2026-07-01 13:22:59,2026-07-01 13:22:59
81716,410,2026W27,2026-07-01,PA00001033-0000,0000,833-A42103-105-TEX,10,10,2026-07-31,2026-07-10,Line 06,4,0.039200,0.10,2026-08-07 09:26:00,2026-08-07 09:32:00,1,6.5,风险,系统自动分配,普通工单,,待排产,0,10,未记录,17.95,179.50,,,2026-07-01 13:22:59,2026-07-01 13:22:59
81801,410,2026W27,2026-07-01,PA00001035-0000,0000,03-388135-02-TEX,10,10,2026-07-31,2026-07-25,Line 07,3,0.039200,0.13,2026-08-08 12:18:00,2026-08-08 12:26:00,1,7.6,风险,系统自动分配,普通工单,,待排产,0,10,未记录,33.97,339.70,,,2026-07-01 13:22:59,2026-07-01 13:22:59
81521,410,2026W27,2026-07-01,PA00001036-0000,0000,03-388135-03-TEX,10,10,2026-07-31,2026-07-25,Line 03,4,0.039200,0.10,2027-01-15 14:07:00,2027-01-15 14:13:00,1,167.7,风险,系统自动分配,普通工单,,待排产,0,10,未记录,33.97,339.70,,,2026-07-01 13:22:59,2026-07-01 13:22:59
81440,410,2026W27,2026-07-01,PA00001044-0000,0000,03-412342-05-TEX,10,10,2026-07-31,2026-08-15,Line 02,4,0.243200,0.61,2027-01-15 11:22:00,2027-01-15 11:59:00,1,167.6,风险,系统自动分配,普通工单,,待排产,0,10,未记录,95.51,955.10,,,2026-07-01 13:22:59,2026-07-01 13:22:59
81362,410,2026W27,2026-07-01,PA00001049-0000,0000,E11146480,25,25,2026-07-31,2026-08-06,Line 01,4,0.891765,5.57,2029-04-11 16:49:00,2029-04-12 11:23:00,1,985.6,风险,系统自动分配,普通工单,,待排产,0,25,未记录,313.14,7828.50,,,2026-07-01 13:22:59,2026-07-01 13:22:59
81527,410,2026W27,2026-07-01,J000003183-0000,0000,LB853-118291-671,10,10,2026-08-03,2026-07-16,Line 03,4,0.429600,1.07,2027-01-15 15:07:00,2027-01-15 16:11:00,1,164.8,风险,系统自动分配,普通工单,,待排产,0,10,打印成功,286.42,2864.20,,,2026-07-01 13:22:59,2026-07-01 13:22:59
81375,410,2026W27,2026-07-01,J000001543-0000,0000,LA683-109075-051,20,20,2026-08-10,2026-08-05,Line 01,4,0.744950,3.72,2029-04-12 14:13:00,2029-04-12 17:56:00,1,975.9,风险,系统自动分配,普通工单,,待排产,0,20,打印成功,239.95,4799.00,,,2026-07-01 13:22:59,2026-07-01 13:22:59
81376,410,2026W27,2026-07-01,PA00000962-0011,0011,LB853-036609-005-KIT,5,5,2027-01-18,2027-01-18,Line 01,4,0.418611,0.52,2029-04-12 17:56:00,2029-04-12 18:27:00,1,814.9,风险,系统自动分配,子工单,,待排产,0,5,打印成功,,,,,2026-07-01 13:22:59,2026-07-01 13:22:59
